BSN_01,17177,13075,9459,.761,.723,.550
BSN_02,1041016,786776,250490,.755,.318,.240
BSN_03,985126,743442,246186,.754,.331,.249
BSN_04,125265,95138,39988,.759,.420,.319
BSN_05,19734,15142,9414,.767,.621,.477
BSN_06,1515176,1149832,354742,.758,.308,.234
BSN_07,240545,181633,67626,.755,.372,.281
BSN_08,45438,34201,21858,.752,.639,.481
BSN_09,77024,57711,36945,.749,.640,.479
BSN_10,3391514,2572094,721586,.758,.280,.212
BSN_11,219769,167046,61172,.760,.366,.278
BSN_12,165220,124286,50053,.752,.402,.302
BSN_13,88633,67285,28116,.759,.417,.317
BSN_14,380960,287266,106014,.754,.369,.278
BSN_15,2811874,2127367,606467,.756,.285,.215
BSN_16,139775,106601,42823,.762,.401,.306
BSN_17,921026,728008,361336,.790,.496,.392
BSN_18,568000,426482,148648,.750,.348,.261
BSN_19,469792,353074,124718,.751,.353,.265
BSN_20,238606,180055,71230,.754,.395,.298
BSN_21,58154,44632,24857,.767,.556,.427
BSN_22,547154,411931,142144,.752,.345,.259
BSN_23,1908264,1436575,433741,.752,.301,.227
BSN_24,341329,257065,94343,.753,.367,.276
BSN_25,550092,436509,232645,.793,.532,.422
BSS_01,4007211,3025717,843266,.755,.278,.210
BSS_02,3011483,2265304,646048,.752,.285,.214
BSS_03,70639,54074,26050,.765,.481,.368
BSS_04,50960,38168,18506,.748,.484,.363
BSS_05,1599520,1208967,374847,.755,.310,.234
BSS_06,127062,95443,35446,.751,.371,.278
BSS_07,273685,207896,77773,.759,.374,.284
BSS_08,1447576,1086695,339319,.750,.312,.234
BSS_09,812881,609338,206143,.749,.338,.253
BSS_10,2320399,1750095,515266,.754,.294,.222
BSS_11,499399,376517,133239,.753,.353,.266
BSS_12,273386,207076,79006,.757,.381,.288
BSS_13,18503282,14265989,4314265,.770,.302,.233
BSS_14,568932,429211,147002,.754,.342,.258
BSS_15,111638,84853,33852,.760,.398,.303
BSS_16,136043,103457,41465,.760,.400,.304
BSS_17,6380157,4815397,1226316,.754,.254,.192
BSS_18,674845,510178,171497,.755,.336,.254
BSS_19,21881660,17253178,4764069,.788,.276,.217
BSS_20,8228125,6350378,2307827,.771,.363,.280
BSS_21,925813,699536,228967,.755,.327,.247
BSS_22,2399230,1814334,533114,.756,.293,.222
BSS_23,296524,225200,82719,.759,.367,.278
BSS_24,790085,597345,208260,.756,.348,.263
BSS_25,4380355,3301105,882163,.753,.267,.201
C02_01,339846,256029,93800,.753,.366,.276
C02_02,603945,456301,157643,.755,.345,.261
C02_03,20089,15576,8510,.775,.546,.423
C02_04,388622,293816,101939,.756,.346,.262
C02_05,3866068,2908100,799670,.752,.274,.206
C02_06,81763,61506,26326,.752,.428,.321
C02_07,1409423,1064367,325161,.755,.305,.230
C02_08,931723,701152,227511,.752,.324,.244
C02_09,483434,365721,127009,.756,.347,.262
C02_10,505917,381024,131625,.753,.345,.260
C02_11,37461,28394,13595,.757,.478,.362
C02_12,741266,559608,183560,.754,.328,.247
C02_13,1053123,795429,254415,.755,.319,.241
C02_14,74075,56359,24161,.760,.428,.326
C02_15,758654,570138,189681,.751,.332,.250
C02_16,1145815,867315,274067,.756,.315,.239
C02_17,628849,494261,264254,.785,.534,.420
C02_18,183359,137711,52951,.751,.384,.288
C02_19,122427,92765,36474,.757,.393,.297
C02_20,1740733,1318608,396998,.757,.301,.228
C02_21,4563165,3448618,928419,.755,.269,.203
C02_22,18001,13984,10152,.776,.725,.563
C02_23,255079,191512,70421,.750,.367,.276
C02_24,651594,497008,276339,.762,.556,.424
C03_01,327997,247878,92138,.755,.371,.280
C03_02,109676,82915,35919,.755,.433,.327
C03_03,248983,187337,71808,.752,.383,.288
C03_04,4152786,3132362,863364,.754,.275,.207
C03_05,1006505,757244,244161,.752,.322,.242
C03_06,51896,39192,18212,.755,.464,.350
C03_07,420641,315676,109749,.750,.347,.260
C03_08,539931,406266,138560,.752,.341,.256
C04_01,176794,132949,51128,.751,.384,.289
C04_02,34021,25896,14262,.761,.550,.419
C04_03,100412,75765,31421,.754,.414,.312
C04_04,161323,121361,44115,.752,.363,.273
C05_01,711607,537997,185795,.756,.345,.261
C06_01,6074714,4697304,1814860,.773,.386,.298
C08_01,215555,162546,64708,.754,.398,.300
C10_01,1344792,1010084,312592,.751,.309,.232
C14_01,44695,34169,19625,.764,.574,.439
C15_01,158459,118552,44963,.748,.379,.283
C15_02,735131,554417,186085,.754,.335,.253
C15_03,72470,54208,23730,.748,.437,.327
C15_04,237107,179276,66904,.756,.373,.282
C15_05,58043,43699,18929,.752,.433,.326
C15_06,1655671,1296343,685935,.782,.529,.414
C15_07,3852095,3024855,1396121,.785,.461,.362
C15_08,3601626,2828405,1321247,.785,.467,.366
C15_09,996481,780782,447457,.783,.573,.449
C15_10,1530799,1208359,641108,.789,.530,.418
C15_11,712830,563169,298557,.790,.530,.418
C15_12,1801288,1414108,736586,.785,.520,.408
C15_13,797833,625702,364466,.784,.582,.456
C15_14,1160448,901552,509090,.776,.564,.438
C15_15,1251931,981262,541293,.783,.551,.432
C16_01,3241038,2533567,1211312,.781,.478,.373
C16_02,898796,710545,407730,.790,.573,.453
C16_03,808221,636542,367924,.787,.578,.455
C16_04,974863,782010,440895,.802,.563,.452
C16_05,1230084,971107,527543,.789,.543,.428
C16_06,748036,592574,345426,.792,.582,.461
C16_07,4005473,3158512,1436614,.788,.454,.358
C16_08,1126168,884836,491581,.785,.555,.436
C16_09,6773303,5312255,2196491,.784,.413,.324
C16_10,1489913,1190123,621874,.798,.522,.417
C16_11,627349,494396,295724,.788,.598,.471
C16_12,2670386,2145555,1024607,.803,.477,.383
C16_13,1036655,815901,459880,.787,.563,.443
C16_14,1426958,1123268,598680,.787,.532,.419
C16_15,4925164,3892034,1692157,.790,.434,.343
C16_16,4244386,3338660,1513053,.786,.453,.356
C16_17,714731,564430,330350,.789,.585,.462
C16_18,674478,528181,313402,.783,.593,.464
C16_19,756320,599713,343858,.792,.573,.454
C16_20,2779338,2203721,1058415,.792,.480,.380
C16_21,408080,321420,177219,.787,.551,.434
C16_22,1100908,874545,482078,.794,.551,.437
C16_23,751325,593217,347864,.789,.586,.463
C16_24,558737,437367,263558,.782,.602,.471
C16_25,1147771,909555,499695,.792,.549,.435
C17_01,3382250,2642730,1254165,.781,.474,.370
C17_02,4706346,3703536,1608789,.786,.434,.341
C17_03,2932165,2332545,1107428,.795,.474,.377
C17_04,622048,485113,289472,.779,.596,.465
C17_05,667228,521396,310409,.781,.595,.465
C17_06,1197968,943248,522562,.787,.554,.436
C17_07,1615825,1271413,666671,.786,.524,.412
C17_08,1428542,1128362,601516,.789,.533,.421
C17_09,1140707,891782,499211,.781,.559,.437
C17_10,441512,349692,192181,.792,.549,.435
C17_11,661569,525336,311160,.794,.592,.470
C17_12,621337,486962,292518,.783,.600,.470
C18_01,764150,602305,351259,.788,.583,.459
C18_02,982619,779369,395544,.793,.507,.402
C18_03,639160,501996,266743,.785,.531,.417
C18_04,491990,388073,212527,.788,.547,.431
C19_01,1302329,1029729,560631,.790,.544,.430
C19_02,384150,305877,189033,.796,.618,.492
C20_01,1064365,848852,470066,.797,.553,.441
C21_01,1084715,841512,475156,.775,.564,.438
C21_02,510732,401836,245011,.786,.609,.479
C21_03,828966,651167,375217,.785,.576,.452
C21_04,1126588,891120,491888,.790,.551,.436
C21_05,483922,380861,232225,.787,.609,.479
C21_06,1052464,824139,461372,.783,.559,.438
C21_07,665609,525198,309170,.789,.588,.464
C21_08,739302,587360,339347,.794,.577,.459
C21_09,623055,489068,289157,.784,.591,.464
C22_01,1035303,813374,412099,.785,.506,.398
C22_02,779110,611759,356011,.785,.581,.456
C22_03,773362,606336,355258,.784,.585,.459
C22_04,735805,583537,338048,.793,.579,.459
C22_05,1873016,1473709,763299,.786,.517,.407
C22_06,491875,389131,236697,.791,.608,.481
C22_07,1516046,1191877,637666,.786,.535,.420
C22_08,792156,624441,360483,.788,.577,.455
C22_09,2269111,1786879,895305,.787,.501,.394
C22_10,677133,530144,312408,.782,.589,.461
C22_11,1164789,913665,502945,.784,.550,.431
C23_01,1190219,935772,519777,.786,.555,.436
C23_02,2762629,2170809,1052123,.785,.484,.380
C23_03,1259866,994706,542575,.789,.545,.430
C23_04,1814641,1425702,744833,.785,.522,.410
C23_05,729968,575152,336716,.787,.585,.461
C23_06,868112,686867,390747,.791,.568,.450
C23_07,677656,534802,313177,.789,.585,.462
C23_08,3570422,2817099,1304785,.789,.463,.365
C23_09,2460453,1957827,958139,.795,.489,.389
C23_10,1513491,1188537,630490,.785,.530,.416
C23_11,698724,553192,321494,.791,.581,.460
C23_12,298635,234538,148524,.785,.633,.497
C23_13,1039304,821737,461149,.790,.561,.443
C23_14,610863,478031,252312,.782,.527,.413
C23_15,2568172,2017748,1005009,.785,.498,.391
C23_16,4305838,3384516,1516738,.786,.448,.352
C23_17,1845338,1454083,753366,.787,.518,.408
C23_18,1230774,969002,526204,.787,.543,.427
C23_19,4020631,3214879,1446177,.799,.449,.359
C24_01,533950,421470,256259,.789,.608,.479
C24_02,855284,673653,348847,.787,.517,.407
C24_03,1733259,1369986,715805,.790,.522,.412
C24_04,696096,548226,296452,.787,.540,.425
C24_05,3404606,2591337,1228949,.761,.474,.360
C24_06,5300718,4023289,1768625,.759,.439,.333
C24_07,45288,34357,25543,.758,.743,.564
C24_08,5444127,4209099,1695825,.773,.402,.311
C24_09,1076156,858100,438917,.797,.511,.407
C24_10,3203804,2443120,1157659,.762,.473,.361
C24_11,1491416,1175177,586367,.787,.498,.393
C24_12,567744,447272,241568,.787,.540,.425
C24_13,479598,375688,208051,.783,.553,.433
C24_14,211202,159946,104864,.757,.655,.496
C24_15,2989067,2292297,1108415,.766,.483,.370
C24_16,16856,13066,10143,.775,.776,.601
C24_17,5356526,4160798,1793471,.776,.431,.334
C24_18,808871,620503,353959,.767,.570,.437
C24_19,4248302,3341217,1362648,.786,.407,.320
C24_20,6249237,4780762,2016989,.765,.421,.322
C24_21,2089669,1583939,812266,.757,.512,.388
C30_01,2105135,1595582,819102,.757,.513,.389
C30_02,2460630,1906240,934724,.774,.490,.379
C30_03,13253004,10431197,3339881,.787,.320,.252
C31_01,979047,766189,428860,.782,.559,.438
C31_02,207624,165073,97440,.795,.590,.469
C31_03,1812021,1378648,710947,.760,.515,.392
C31_04,5089617,3900393,1709616,.766,.438,.335
C31_05,192944,145010,98994,.751,.682,.513
C31_06,1220266,936926,513319,.767,.547,.420
C31_07,1978859,1500238,779006,.758,.519,.393
C31_08,9818666,7750435,2620177,.789,.338,.266
C31_09,2060671,1588925,807914,.771,.508,.392
C31_10,307026,235619,145736,.767,.618,.474
C31_11,1919091,1488203,750481,.775,.504,.391
C31_12,2037358,1543232,798501,.757,.517,.391
C31_13,2118246,1610061,809130,.760,.502,.381
C31_14,20751,16243,12343,.782,.759,.594
C31_15,4047629,3049580,1424236,.753,.467,.351
C31_16,6527135,4969172,2101782,.761,.422,.322
C31_17,7383672,5827801,2184438,.789,.374,.295
C31_18,1072465,810173,452893,.755,.559,.422
C31_19,1346309,1032901,561629,.767,.543,.417
C31_20,2134440,1627098,833473,.762,.512,.390
C31_21,2901547,2198682,1064047,.757,.483,.366
C31_22,2091053,1590864,807923,.760,.507,.386
C31_23,3128695,2362451,1149955,.755,.486,.367
C31_24,208497,158323,105554,.759,.666,.506
C31_25,5485862,4207576,1821524,.766,.432,.332
C32_01,1892461,1441922,744604,.761,.516,.393
C32_02,3245783,2554247,1086086,.786,.425,.334
C32_03,8440684,6468560,2571768,.766,.397,.304
C32_04,3619392,2756671,1279925,.761,.464,.353
C32_05,34028,24305,18995,.714,.781,.558
C32_06,1950434,1496269,753907,.767,.503,.386
C32_07,599904,460132,273544,.767,.594,.455
C32_08,34742,30528,12119,.878,.396,.348
C32_09,2758319,2122915,1033035,.769,.486,.374
C32_10,1441856,1095372,586523,.759,.535,.406
C32_11,4680712,3609246,1593868,.771,.441,.340
C32_12,3289889,2547501,1183072,.774,.464,.359
C32_13,1405505,1074613,579370,.764,.539,.412
C32_14,1518700,1157609,619234,.762,.534,.407
C32_15,963569,740126,416547,.768,.562,.432
C32_16,17353,13269,10259,.764,.773,.591
C32_17,694949,535257,309104,.770,.577,.444
C32_18,1856244,1404846,728002,.756,.518,.392
C32_19,2478705,1882625,943490,.759,.501,.380
C32_20,2475362,1893142,945257,.764,.499,.381
C32_21,1700533,1312093,688638,.771,.524,.404
C32_22,1195670,911300,505869,.762,.555,.423
C32_23,658637,504287,298205,.765,.591,.452
C32_24,1762223,1331326,707929,.755,.531,.401
C32_25,2074853,1586260,812613,.764,.512,.391
C33_1,1626200,1216326,644691,.747,.530,.396
C33_10,2084457,1551200,789208,.744,.508,.378
C33_11,7335,5698,5215,.776,.915,.710
C33_12,1461023,1082322,579119,.740,.535,.396
C33_13,1808853,1333276,688992,.737,.516,.380
C33_14,1855226,1374200,707819,.740,.515,.381
C33_15,1609244,1199896,626432,.745,.522,.389
C33_16,1343965,993880,537948,.739,.541,.400
C33_17,4008,3031,2894,.756,.954,.722
C33_18,8854,6720,6364,.758,.947,.718
C33_19,1595234,1183774,621976,.742,.525,.389
C33_2,3262853,2393832,1135050,.733,.474,.347
C33_20,7307335,5623366,2096192,.769,.372,.286
C33_21,842920,622487,348461,.738,.559,.413
C33_22,1942301,1487984,707500,.766,.475,.364
C33_23,1876992,1437533,686494,.765,.477,.365
C33_24,1198509,886344,476358,.739,.537,.397
C33_25,1373025,1052669,533540,.766,.506,.388
C33_3,41119,29600,22537,.719,.761,.548
C33_4,1328906,985042,534809,.741,.542,.402
C33_5,2541658,1885860,928479,.741,.492,.365
C33_6,2329297,1722619,857345,.739,.497,.368
C33_7,3329943,2460701,1172075,.738,.476,.351
C33_8,1145241,857669,469789,.748,.547,.410
C33_9,1114563,830043,453390,.744,.546,.406
COR_01,4039910,2966205,1347147,.734,.454,.333
COR_02,1972390,1450499,729556,.735,.502,.369
COR_03,2733432,2062662,929403,.754,.450,.340
COR_04,2233308,1642707,813761,.735,.495,.364
COR_05,2092588,1536293,766911,.734,.499,.366
COR_06,1653017,1210059,609975,.732,.504,.369
COR_07,3487327,2627589,1132082,.753,.430,.324
COR_08,4618647,3479329,1431166,.753,.411,.309
COR_09,2499646,1838243,895359,.735,.487,.358
COR_10,893588,656915,369729,.735,.562,.413
COR_11,1720364,1258558,654526,.731,.520,.380
COR_12,1611362,1183088,615344,.734,.520,.381
COR_13,6361574,4823902,1856722,.758,.384,.291
COR_14,11474065,8719303,2966198,.759,.340,.258
COR_15,1724939,1262096,652465,.731,.516,.378
COR_16,1389127,1003329,530588,.722,.528,.381
COR_17,2365147,1747526,857283,.738,.490,.362
COR_18,2752314,1991508,956971,.723,.480,.347
COR_19,1342818,993738,530838,.740,.534,.395
COR_20,2412614,1826133,846924,.756,.463,.351
CS20_01,2379453,1825808,912323,.767,.499,.383
CS20_02,1183926,899390,499413,.759,.555,.421
CS20_03,1132429,862375,481099,.761,.557,.424
CS20_04,4667359,3548806,1598410,.760,.450,.342
CS20_05,1668129,1243612,665346,.745,.535,.398
CS20_06,904551,710334,380259,.785,.535,.420
CS20_07,2130052,1620975,832311,.761,.513,.390
CS20_08,1279137,976974,535207,.763,.547,.418
CS20_09,1588425,1216457,643172,.765,.528,.404
CS20_10,6065188,4650157,1927213,.766,.414,.317
CS20_11,2956781,2254001,1092909,.762,.484,.369
CS20_12,824529,629344,365178,.763,.580,.442
CS20_13,1702035,1289905,681853,.757,.528,.400
CS20_14,1218810,935881,510655,.767,.545,.418
CS20_15,228355,177503,113474,.777,.639,.496
CS20_16,716754,568067,306275,.792,.539,.427
CS20_17,1191276,910134,497796,.763,.546,.417
CS20_18,3567229,2710795,1285758,.759,.474,.360
CS20_19,886460,677046,388356,.763,.573,.438
CS20_20,5217790,3982980,1734988,.763,.435,.332
CS20_21,515548,392774,239015,.761,.608,.463
CS20_22,1610686,1241989,653693,.771,.526,.405
CS20_23,752026,571139,337358,.759,.590,.448
CS20_24,868955,672620,382791,.774,.569,.440
CS20_25,776761,611902,321298,.787,.525,.413
CS23A_01,1444434,1104737,610267,.764,.552,.422
CS23A_02,4189689,3248444,1483452,.775,.456,.354
CS23A_03,3686730,2869651,1342735,.778,.467,.364
CS23A_04,476749,369896,232934,.775,.629,.488
CS23A_05,620409,480897,291083,.775,.605,.469
CS23A_06,725061,566579,339155,.781,.598,.467
CS23A_07,653892,506635,304864,.774,.601,.466
CS23A_08,1516299,1182142,633418,.779,.535,.417
CS23A_09,2185928,1686508,870972,.771,.516,.398
CS23A_10,5040348,3908883,1737445,.775,.444,.344
CS23A_11,2787370,2149830,1064483,.771,.495,.381
CS23A_12,2146472,1675967,861153,.780,.513,.401
CS23A_13,1725516,1334964,703545,.773,.527,.407
CS23A_14,3417267,2692704,1268827,.787,.471,.371
CS23A_15,1139222,880819,492187,.773,.558,.432
CS23A_16,3106855,2431328,1174479,.782,.483,.378
CS23A_17,597316,464185,282838,.777,.609,.473
CS23A_18,2983111,2315212,1129170,.776,.487,.378
CS23A_19,2155463,1668181,863097,.773,.517,.400
CS23A_20,1435084,1128814,607559,.786,.538,.423
CS23A_21,530845,410448,254261,.773,.619,.478
CS23A_22,3001324,2373198,1133784,.790,.477,.377
CS23A_23,763797,587973,350437,.769,.596,.458
CS23A_24,429288,331743,209679,.772,.632,.488
CS23A_25,2788362,2174153,1062796,.779,.488,.381
CS25_01,4678085,3635711,1634706,.777,.449,.349
CS25_02,978703,766471,437600,.783,.570,.447
CS25_03,1148497,888586,498939,.773,.561,.434
CS25_04,965050,751572,423632,.778,.563,.438
CS25_05,2180755,1710478,856210,.784,.500,.392
CS25_06,284335,222150,140960,.781,.634,.495
CS25_07,327063,256000,163065,.782,.636,.498
CS25_08,1051216,811543,461489,.772,.568,.439
CS25_09,1337533,1039559,567510,.777,.545,.424
CS25_10,1599369,1247935,667290,.780,.534,.417
CS25_11,896376,689987,403414,.769,.584,.450
CS25_12,2033527,1575743,822420,.774,.521,.404
CS25_13,2542975,1997659,986599,.785,.493,.387
CS25_14,876974,679399,391692,.774,.576,.446
CS25_15,827425,644899,372682,.779,.577,.450
CS25_16,2415807,1875013,938828,.776,.500,.388
CS25_17,1485427,1153778,619156,.776,.536,.416
CS25_18,1460215,1138321,614849,.779,.540,.421
CS25_19,2856538,2220196,1092857,.777,.492,.382
CS25_20,5648973,4399522,1898939,.778,.431,.336
CS25_21,3109275,2433233,1169448,.782,.480,.376
CS25_22,368788,285820,182507,.775,.638,.494
CS25_23,472947,365037,228462,.771,.625,.483
CS25_24,2845351,2221454,1093891,.780,.492,.384
CS25_25,3535024,2748684,1296978,.777,.471,.366
CS27_01,1031245,803711,459699,.779,.571,.445
CS27_02,576906,443216,275360,.768,.621,.477
CS27_03,447948,350396,217681,.782,.621,.485
CS27_04,548136,431079,261315,.786,.606,.476
CS27_05,1280061,993240,545747,.775,.549,.426
CS27_06,1019036,789908,447408,.775,.566,.439
CS27_07,1972513,1538864,791014,.780,.514,.401
CS27_08,2661778,2087223,1018408,.784,.487,.382
CS27_09,546365,427254,261465,.781,.611,.478
CS27_10,721845,561248,333741,.777,.594,.462
CS27_11,526987,410552,250116,.779,.609,.474
CS27_12,596003,466560,281416,.782,.603,.472
CS27_13,355762,278935,156610,.784,.561,.440
CS27_14,1073336,831639,468756,.774,.563,.436
CS27_15,458097,355857,222810,.776,.626,.486
CS27_16,2320778,1801805,910093,.776,.505,.392
CS27_17,3053909,2395493,1141565,.784,.476,.373
CS27_18,1854510,1446756,755006,.780,.521,.407
CS27_19,883901,690973,396492,.781,.573,.448
CS27_20,4612720,3589545,1611571,.778,.448,.349
CS27_21,2882361,2242768,1089298,.778,.485,.377
CS27_22,925752,717654,411470,.775,.573,.444
CS27_23,1342839,1039433,568475,.774,.546,.423
CS27_24,1678401,1303956,690391,.776,.529,.411
CS27_25,1286916,1001563,556093,.778,.555,.432
CS29_01,2981005,2318904,1124253,.777,.484,.377
CS29_02,3195568,2486241,1189474,.778,.478,.372
CS29_03,3174151,2462538,1183186,.775,.480,.372
CS29_04,978994,761710,434060,.778,.569,.443
CS29_05,553274,436104,237843,.788,.545,.429
CS29_06,1629807,1271659,667792,.780,.525,.409
CS29_07,2827832,2202154,1076783,.778,.488,.380
CS30A_01,687278,536475,319362,.780,.595,.464
CS30A_02,446766,344928,217387,.772,.630,.486
CS30A_03,1117631,874398,485289,.782,.554,.434
CS30A_04,187823,146735,97309,.781,.663,.518
CS30A_05,8974223,6857224,2524583,.764,.368,.281
CS30A_06,958637,746259,423838,.778,.567,.442
CS30A_07,218931,175589,103962,.802,.592,.474
CS30A_08,567389,455860,244433,.803,.536,.430
CS30A_09,785754,604636,358562,.769,.593,.456
CS30A_10,546027,418882,242490,.767,.578,.444
CS30A_11,2050965,1612202,828111,.786,.513,.403
CS30A_12,735220,567035,337917,.771,.595,.459
CS30A_13,785631,610243,354441,.776,.580,.451
CS30A_14,535269,415982,254635,.777,.612,.475
CS30A_15,3060969,2428195,1175416,.793,.484,.384
CS30A_16,2098790,1657987,860289,.789,.518,.409
CS30A_17,2193490,1744577,896904,.795,.514,.408
CS30A_18,3043710,2420691,1177163,.795,.486,.386
CS30A_19,1558355,1239857,662309,.795,.534,.425
CS30A_20,4998687,4004753,1754575,.801,.438,.351
CS30A_21,1792747,1431813,748482,.798,.522,.417
CS30A_22,2141764,1662117,777393,.776,.467,.362
CS30A_23,2393121,1887406,966291,.788,.511,.403
CS30A_24,3552855,2797817,1348284,.787,.481,.379
CS30A_25,1228637,952003,505770,.774,.531,.411
D01_1,5155690,4109899,1819360,.797,.442,.352
D01_10,2738106,2177879,1066343,.795,.489,.389
D01_11,1873231,1498838,787002,.800,.525,.420
D01_12,3086606,2455291,1195065,.795,.486,.387
D01_13,944192,750125,429431,.794,.572,.454
D01_14,2382640,1890577,952111,.793,.503,.399
D01_15,2780892,2208259,1100146,.794,.498,.395
D01_2,1329564,1054601,576181,.793,.546,.433
D01_3,3420299,2738732,1294822,.800,.472,.378
D01_4,2961940,2367525,1137802,.799,.480,.384
D01_5,4047114,3239674,1514870,.800,.467,.374
D01_6,3756062,2989675,1411808,.795,.472,.375
D01_7,8497753,6769772,2682206,.796,.396,.315
D01_8,2599125,2052413,1030255,.789,.501,.396
D01_9,3682309,2940143,1369834,.798,.465,.372
D02_01,2584461,2046274,1022707,.791,.499,.395
D02_02,2391702,1896623,951398,.793,.501,.397
D02_03,1088223,864707,482643,.794,.558,.443
D02_04,139579,108516,77731,.777,.716,.556
D02_05,417424,334429,204200,.801,.610,.489
D02_06,2264524,1815850,917197,.801,.505,.405
D02_07,3580161,2845924,1346076,.794,.472,.375
D02_08,2816061,2242823,1090049,.796,.486,.387
D02_09,2482466,1975490,992135,.795,.502,.399
D02_10,3615274,2873771,1361132,.794,.473,.376
D02_11,1904085,1509681,799011,.792,.529,.419
D02_12,2791317,2214398,1082396,.793,.488,.387
D02_13,1081329,859796,480728,.795,.559,.444
D02_14,2890865,2317619,1136992,.801,.490,.393
D02_15,2385651,1898250,962975,.795,.507,.403
D02_16,2077067,1648205,846045,.793,.513,.407
D02_17,797823,626867,367869,.785,.586,.461
D02_18,3062329,2422828,1182153,.791,.487,.386
D02_19,6174022,4909845,2106434,.795,.429,.341
D02_20,1504571,1203211,649325,.799,.539,.431
D02_21,1215518,948459,488127,.780,.514,.401
D02_22,601407,456712,253430,.759,.554,.421
D02_23,7245261,5785304,2393790,.798,.413,.330
D02_24,1880958,1485211,791793,.789,.533,.420
D02_25,1542780,1214441,663234,.787,.546,.429
D03_01,4380823,3490463,1595100,.796,.456,.364
D03_02,681950,544868,320459,.798,.588,.469
D03_03,1135203,914197,503601,.805,.550,.443
D03_04,1984482,1572334,821841,.792,.522,.414
D03_05,1771142,1411847,740005,.797,.524,.417
D03_06,1196147,946886,531306,.791,.561,.444
D03_07,7425756,5944032,2392044,.800,.402,.322
D03_08,2118103,1683226,855174,.794,.508,.403
D03_09,2423544,1932032,960958,.797,.497,.396
D03_10,817105,650695,374875,.796,.576,.458
D03_11,1005054,804387,450036,.800,.559,.447
D03_12,1862304,1498083,769758,.804,.513,.413
D03_13,2286309,1815400,928026,.794,.511,.405
D03_14,3749549,2985793,1392661,.796,.466,.371
D03_15,2819084,2238679,1098177,.794,.490,.389
D03_16,3322434,2653792,1251964,.798,.471,.376
D03_17,1720066,1371700,727072,.797,.530,.422
D03_18,1302359,1037730,564269,.796,.543,.433
D03_19,8089646,6427367,2593413,.794,.403,.320
D03_20,1187625,944202,525455,.795,.556,.442
D03_21,3481946,2783664,1315338,.799,.472,.377
D03_22,3014893,2395822,1157151,.794,.482,.383
D04_01,894709,707838,411502,.791,.581,.459
D08_01,1405160,1116265,609009,.794,.545,.433
D08_02,1062415,833906,425716,.784,.510,.400
D08_03,2286810,1821785,926649,.796,.508,.405
D09_01,6433915,5129559,2173086,.797,.423,.337
D09_02,1859038,1491400,781921,.802,.524,.420
D09_03,1686037,1351340,713079,.801,.527,.422
D09_04,1759384,1397748,735294,.794,.526,.417
D09_05,1271458,1003292,558734,.789,.556,.439
D09_06,1554247,1238277,666051,.796,.537,.428
D09_07,2778629,2200831,1078263,.792,.489,.388
D09_08,2966078,2371607,1133922,.799,.478,.382
D09_09,573925,457962,275204,.797,.600,.479
D09_10,6682688,5336719,2237377,.798,.419,.334
D09_11,2383362,1894950,956712,.795,.504,.401
D09_12,11327784,8991555,3326301,.793,.369,.293
D09_13,871618,692796,395025,.794,.570,.453
D09_14,5453690,4345414,1874820,.796,.431,.343
D09_15,2854017,2269375,1098209,.795,.483,.384
D09_16,1085334,855843,494659,.788,.577,.455
D09_17,2745876,2186043,1077008,.796,.492,.392
D09_18,4793289,3841896,1723581,.801,.448,.359
D09_19,1328217,1056594,591807,.795,.560,.445
D09_20,2131610,1603124,833271,.752,.519,.390
D09_21,1971168,1549100,716957,.785,.462,.363
D09_22,2450398,1926184,866409,.786,.449,.353
D09_23,2469678,1852024,967892,.749,.522,.391
D09_24,1430574,1077924,591051,.753,.548,.413
D09_25,2311770,1855119,846044,.802,.456,.365
D10_01,1298256,976835,545449,.752,.558,.420
D10_02,1969475,1489937,779079,.756,.522,.395
D10_03,3791735,2826764,1362831,.745,.482,.359
D10_04,913246,680416,408242,.745,.599,.447
D10_05,1699841,1249301,683744,.734,.547,.402
D10_06,2707841,2043779,1035609,.754,.506,.382
D10_07,1384866,1033309,578665,.746,.560,.417
D10_08,1800613,1357777,729946,.754,.537,.405
D10_09,1929680,1456153,767227,.754,.526,.397
D10_10,2293614,1739807,900169,.758,.517,.392
D10_11,2211188,1610485,874110,.728,.542,.395
D10_12,2623038,1965268,1007245,.749,.512,.383
D10_13,1935291,1443916,775549,.746,.537,.400
D10_14,1953238,1491474,776566,.763,.520,.397
D10_15,1187439,888330,510969,.748,.575,.430
D10_16,1763991,1312107,717395,.743,.546,.406
D10_17,2255071,1695882,876594,.752,.516,.388
D10_18,2912482,2298971,1028529,.789,.447,.353
D10_19,1848842,1389176,727769,.751,.523,.393
D10_20,1721274,1297083,699433,.753,.539,.406
D10_21,1496000,1125117,621471,.752,.552,.415
D10_22,1924550,1424987,772692,.740,.542,.401
D10_23,1241669,933546,523864,.751,.561,.421
D10_24,1555484,1174263,644975,.754,.549,.414
D10_25,330802,243672,157563,.736,.646,.476
D11_01,1794415,1361593,729568,.758,.535,.406
D11_02,1872725,1408344,748090,.752,.531,.399
D11_03,1912008,1496924,690726,.782,.461,.361
D11_04,966634,739866,383860,.765,.518,.397
D11_05,2109705,1660124,759970,.786,.457,.360
D11_06,8704,6710,5932,.770,.884,.681
D11_07,1056668,796036,455256,.753,.571,.430
D11_08,1151991,848697,487594,.736,.574,.423
D11_09,1069044,807295,460362,.755,.570,.430
D11_10,1601094,1193893,598904,.745,.501,.374
D11_11,1950329,1504651,720943,.771,.479,.369
D11_12,844015,655705,343464,.776,.523,.406
D11_13,1622991,1276304,619343,.786,.485,.381
D11_14,972406,754969,397026,.776,.525,.408
D11_15,1780062,1403603,656515,.788,.467,.368
D11_16,1913011,1519784,720944,.794,.474,.376
D11_17,1173652,887970,468638,.756,.527,.399
D12_01,2122407,1594780,830184,.751,.520,.391
D12_02,1925246,1437213,773553,.746,.538,.401
D12_03,3088033,2318422,1160783,.750,.500,.375
D12_04,2074759,1636657,748829,.788,.457,.360
D12_05,849418,643772,377099,.757,.585,.443
D12_06,698449,532290,316781,.762,.595,.453
D12_07,2627963,2053057,948282,.781,.461,.360
D12_08,2211125,1662093,861699,.751,.518,.389
D12_09,2299428,1689592,882542,.734,.522,.383
D12_10,2190110,1677523,851192,.765,.507,.388
D12_11,1880360,1369758,744393,.728,.543,.395
D12_12,2249105,1688649,880768,.750,.521,.391
D12_13,1681724,1261091,681652,.749,.540,.405
D12_14,1526728,1151217,633177,.754,.550,.414
D12_15,1305747,971630,549548,.744,.565,.420
D12_16,1591815,1174312,642934,.737,.547,.403
D12_17,2544266,1878456,973312,.738,.518,.382
D12_18,2199925,1643826,862064,.747,.524,.391
D12_19,889192,666784,360151,.749,.540,.405
D12_20,1745894,1317702,710592,.754,.539,.407
D12_21,2690646,2090394,945794,.776,.452,.351
D12_22,218798,169160,100759,.773,.595,.460
D12_23,1308034,979255,551695,.748,.563,.421
D12_24,2500765,1880752,959767,.752,.510,.383
D12_25,793184,591398,344868,.745,.583,.434
D13_01,1069544,811858,418847,.759,.515,.391
D13_02,3010851,2237167,1062895,.743,.475,.353
D13_03,2444135,1814532,936657,.742,.516,.383
D13_04,1330901,1028550,517701,.772,.503,.388
D13_05,2607039,1923598,957938,.737,.497,.367
D13_06,1930130,1476202,711475,.764,.481,.368
D13_07,1021598,789674,406527,.772,.514,.397
D13_08,2273817,1790988,860963,.787,.480,.378
D14_01,1842240,1340671,676679,.727,.504,.367
D14_02,1838560,1378159,731438,.749,.530,.397
D14_03,2560906,1919459,977854,.749,.509,.381
D14_04,2836348,2109600,993738,.743,.471,.350
D14_05,814172,609681,360950,.748,.592,.443
D14_06,1826242,1358478,751461,.743,.553,.411
D14_07,1910110,1438461,760791,.753,.528,.398
D14_08,1952045,1455077,729652,.745,.501,.373
D14_09,719047,551339,299331,.766,.542,.416
D14_10,2953636,2154200,1018833,.729,.472,.344
D14_11,3599,2837,2588,.788,.912,.719
D14_12,2007331,1507543,799802,.751,.530,.398
D14_13,2386464,1851613,848905,.775,.458,.355
D14_14,1753645,1327981,718739,.757,.541,.409
D14_15,1835588,1371045,742101,.746,.541,.404
D14_16,2449037,1817534,906044,.742,.498,.369
D14_17,1549072,1155690,609273,.746,.527,.393
D14_18,1250853,936547,503589,.748,.537,.402
D14_19,3490048,2617225,1227714,.749,.469,.351
D14_20,867435,631291,363610,.727,.575,.419
D14_21,1205268,885695,492531,.734,.556,.408
D14_22,788011,613167,333737,.778,.544,.423
D14_23,767724,561662,329055,.731,.585,.428
D14_24,980307,726818,414044,.741,.569,.422
D14_25,651840,506516,280022,.777,.552,.429
D15_1,2721659,2023836,983963,.743,.486,.361
D15_10,8414052,6508506,2362530,.773,.362,.280
D15_11,2788003,2103269,1009137,.754,.479,.361
D15_12,1629237,1234425,635122,.757,.514,.389
D15_13,3295120,2484479,1164606,.753,.468,.353
D15_14,2745759,2071430,997351,.754,.481,.363
D15_15,2327587,1745754,864047,.750,.494,.371
D15_16,4505071,3397890,1524411,.754,.448,.338
D15_17,3532438,2672128,1220261,.756,.456,.345
D15_18,147000,105867,72935,.720,.688,.496
D15_19,1612029,1202247,628572,.745,.522,.389
D15_2,136709,102458,67334,.749,.657,.492
D15_20,1970461,1466700,758151,.744,.516,.384
D15_21,652632,490051,272668,.750,.556,.417
D15_22,1492230,1126404,598877,.754,.531,.401
D15_23,977421,719825,412002,.736,.572,.421
D15_24,902799,658533,375389,.729,.570,.415
D15_25,843089,615364,359457,.729,.584,.426
D15_3,2225703,1669988,836280,.750,.500,.375
D15_4,3263839,2467275,1155724,.755,.468,.354
D15_5,3520996,2647769,1224413,.751,.462,.347
D15_6,814941,610759,351556,.749,.575,.431
D15_7,2776389,2084762,1010136,.750,.484,.363
D15_8,6255868,4717217,1967804,.754,.417,.314
D15_9,4222212,3181960,1440389,.753,.452,.341
D16_1,906835,667888,391259,.736,.585,.431
D16_10,660986,496054,292262,.750,.589,.442
D16_11,803032,597529,348715,.744,.583,.434
D16_12,1020965,767857,425074,.752,.553,.416
D16_13,873621,632504,363359,.724,.574,.415
D16_14,925772,678974,390818,.733,.575,.422
D16_15,2237961,1655432,832867,.739,.503,.372
D16_16,2946614,2204681,1066430,.748,.483,.361
D16_17,1077813,809183,457805,.750,.565,.424
D16_18,513754,402610,223310,.783,.554,.434
D16_2,256197,201015,116328,.784,.578,.454
D16_3,757802,548989,321134,.724,.584,.423
D16_4,7580,5745,4939,.757,.859,.651
D16_5,5416,4343,3770,.801,.868,.696
D16_6,890696,669723,368512,.751,.550,.413
D16_7,930369,695544,391364,.747,.562,.420
D16_8,1220889,904666,493490,.740,.545,.404
D16_9,217647,172399,103808,.792,.602,.476
D17_1,4086534,3139031,1295230,.768,.412,.316
D17_2,883460,661984,379969,.749,.573,.430
D17_3,720600,545454,311803,.756,.571,.432
D17_4,3681928,2777016,1237188,.754,.445,.336
D17_5,1040682,784763,434169,.754,.553,.417
D19_1,1724650,1297007,672633,.752,.518,.390
D19_10,1295023,969819,521350,.748,.537,.402
D19_11,1632512,1220262,631533,.747,.517,.386
D19_12,609169,475385,258912,.780,.544,.425
D19_13,850415,636380,360964,.748,.567,.424
D19_14,655793,490332,286146,.747,.583,.436
D19_15,764210,567565,327182,.742,.576,.428
D19_16,987932,729962,410071,.738,.561,.415
D19_2,1771107,1325543,680416,.748,.513,.384
D19_3,2768451,2076898,1002237,.750,.482,.362
D19_4,4599630,3464594,1541512,.753,.444,.335
D19_5,1064443,796256,440889,.748,.553,.414
D19_6,1872061,1402595,711049,.749,.506,.379
D19_7,323505,235382,146161,.727,.620,.451
D19_8,2379576,1777699,883623,.747,.497,.371
D19_9,1153919,865828,470855,.750,.543,.408
D20_1,1341074,1006222,538001,.750,.534,.401
D20_2,4264758,3192337,1441680,.748,.451,.338
D20_3,13363866,10498084,3328015,.785,.317,.249
D20_4,5149968,3880657,1689099,.753,.435,.327
D20_5,752889,562063,323282,.746,.575,.429
D20_6,794455,594677,340364,.748,.572,.428
D22_1,365601,286327,164045,.783,.572,.448
D22_10,741897,546247,317484,.736,.581,.427
D22_11,2091720,1574523,792880,.752,.503,.379
D22_12,687071,501756,296135,.730,.590,.431
D22_13,485855,382171,214772,.786,.561,.442
D22_14,1046937,786137,436537,.750,.555,.416
D22_15,1737550,1296501,681633,.746,.525,.392
D22_16,674685,498688,296481,.739,.594,.439
D22_17,643961,465436,293158,.722,.629,.455
D22_18,800045,585808,355429,.732,.606,.444
D22_19,858091,647620,386735,.754,.597,.450
D22_2,880045,656521,371970,.746,.566,.422
D22_20,583144,438167,274855,.751,.627,.471
D22_21,433385,338772,192397,.781,.567,.443
D22_22,679744,514441,310906,.756,.604,.457
D22_23,244371,188653,112667,.771,.597,.461
D22_24,309906,246163,140936,.794,.572,.454
D22_25,590628,440251,275730,.745,.626,.466
D22_3,630177,472847,275435,.750,.582,.437
D22_4,957038,698776,398403,.730,.570,.416
D22_5,839046,629405,357229,.750,.567,.425
D22_6,532552,414352,230978,.778,.557,.433
D22_7,896847,669818,383826,.746,.573,.427
D22_8,388749,302739,172606,.778,.570,.444
D22_9,1079087,785600,446274,.728,.568,.413
D25_1,3079864,2304241,1148042,.748,.498,.372
D26_1,1501748,1118099,604688,.744,.540,.402
D26_10,679281,508886,315365,.749,.619,.464
D26_2,1597609,1189052,660725,.744,.555,.413
D26_3,2213883,1665483,867201,.752,.520,.391
D26_4,10363,7890,6646,.761,.842,.641
D26_5,2437430,1838230,937266,.754,.509,.384
D26_6,1377200,1045130,582510,.758,.557,.422
D26_7,1073316,806962,469559,.751,.581,.437
D26_8,1708535,1264152,699950,.739,.553,.409
D26_9,2360193,1773756,910748,.751,.513,.385
D27_1,2863339,2156502,1078970,.753,.500,.376
D27_2,1154815,864873,501443,.748,.579,.434
D27_3,655023,483121,301640,.737,.624,.460
D27_4,423301,313877,203606,.741,.648,.480
D27_5,2541102,1909900,952251,.751,.498,.374
D27_6,805636,602587,368823,.747,.612,.457
D27_7,755294,561055,343364,.742,.611,.454
D28_1,3054090,2294996,1133288,.751,.493,.371
D28_10,874429,659267,365979,.753,.555,.418
D28_11,5434411,4161827,1669878,.765,.401,.307
D28_12,873484,654809,390124,.749,.595,.446
D28_13,464982,350855,225233,.754,.641,.484
D28_14,613734,473002,261901,.770,.553,.426
D28_2,2563204,1926586,983334,.751,.510,.383
D28_3,1766150,1324291,729509,.749,.550,.413
D28_4,533836,400805,247615,.750,.617,.463
D28_5,1919951,1450837,771475,.755,.531,.401
D28_6,3539,2687,2549,.759,.948,.720
D28_7,2731328,2050924,1026707,.750,.500,.375
D28_8,2337082,1756627,925920,.751,.527,.396
D28_9,944440,692225,421640,.732,.609,.446
D29_1,35290,26312,19279,.745,.732,.546
D30_1,1182661,883143,504924,.746,.571,.426
D30_10,2369818,1789594,902736,.755,.504,.380
D30_11,1096118,824140,470191,.751,.570,.428
D30_12,1525647,1158472,635894,.759,.548,.416
D30_13,2382898,1797701,934224,.754,.519,.392
D30_14,756946,570896,344039,.754,.602,.454
D30_15,2957270,2241427,1088270,.757,.485,.367
D30_16,2089601,1570142,780336,.751,.496,.373
D30_17,2404340,1817533,928672,.755,.510,.386
D30_18,3582452,2695196,1300867,.752,.482,.363
D30_19,826044,625959,373832,.757,.597,.452
D30_2,1926090,1442403,776771,.748,.538,.403
D30_20,857509,648043,383838,.755,.592,.447
D30_21,2390397,1801844,924147,.753,.512,.386
D30_22,1850852,1394155,733468,.753,.526,.396
D30_23,3424136,2564846,1256733,.749,.489,.367
D30_24,4243162,3195692,1479342,.753,.462,.348
D30_25,3229270,2445600,1200377,.757,.490,.371
D30_3,2153447,1619727,847190,.752,.523,.393
D30_4,3823700,2895741,1387677,.757,.479,.362
D30_5,2434553,1836112,943826,.754,.514,.387
D30_6,1863366,1405455,755648,.754,.537,.405
D30_7,7330,5693,5267,.776,.925,.718
D30_8,2601114,1947794,957362,.748,.491,.368
D30_9,2856899,2148355,1075857,.751,.500,.376
D31_1,1383430,1041523,585956,.752,.562,.423
D31_10,275198,207748,135835,.754,.653,.493
D31_11,167464,125968,84661,.752,.672,.505
D31_12,8107864,6201881,2279805,.764,.367,.281
D31_13,1432039,1083011,599894,.756,.553,.418
D31_14,2269700,1717471,889045,.756,.517,.391
D31_15,997327,746127,437004,.748,.585,.438
D31_16,1341963,1012440,571040,.754,.564,.425
D31_17,746612,583735,317067,.781,.543,.424
D31_18,114308,86183,59819,.753,.694,.523
D31_19,39386,29698,21483,.754,.723,.545
D31_2,2131005,1609228,838403,.755,.520,.393
D31_3,3687582,2779988,1337248,.753,.481,.362
D31_4,3091273,2326801,1144187,.752,.491,.370
D31_5,3267321,2473695,1216113,.757,.491,.372
D31_6,2658797,2003123,1012578,.753,.505,.380
D31_7,2639568,1985500,977210,.752,.492,.370
D31_8,2603356,1958359,992126,.752,.506,.381
D31_9,7894,5990,5192,.758,.866,.657
D32_1,148329,112022,77022,.755,.687,.519
D32_2,1515577,1147252,625749,.756,.545,.412
D32_3,1425997,1063679,603248,.745,.567,.423
D32_4,763891,573377,324811,.750,.566,.425
D32_5,890865,664995,400334,.746,.602,.449
D32_6,1334311,999599,564820,.749,.565,.423
D32_7,934616,711677,419771,.761,.589,.449
D33_1,1762200,1330285,727279,.754,.546,.412
D33_10,1173032,897599,460464,.765,.512,.392
D33_11,948486,732568,385466,.772,.526,.406
D33_12,2693990,2114877,937354,.785,.443,.347
D33_13,554271,418760,239621,.755,.572,.432
D33_14,278727,208110,127312,.746,.611,.456
D33_15,831201,637418,342652,.766,.537,.412
D33_16,452301,342547,198507,.757,.579,.438
D33_17,1451819,1148175,555829,.790,.484,.382
D33_18,843537,648502,353314,.768,.544,.418
D33_19,572497,444281,254973,.776,.573,.445
D33_2,1686743,1286038,699008,.762,.543,.414
D33_20,1128544,860007,457629,.762,.532,.405
D33_21,935899,713198,384812,.762,.539,.411
D33_22,1016835,774716,416348,.761,.537,.409
D33_23,1320095,1046171,505030,.792,.482,.382
D33_24,943594,715987,384217,.758,.536,.407
D33_25,1034798,805289,427203,.778,.530,.412
D33_3,34135,26038,19162,.762,.735,.561
D33_4,768579,582824,319150,.758,.547,.415
D33_5,866242,655565,351230,.756,.535,.405
D33_6,562553,426461,243569,.758,.571,.432
D33_7,1747092,1367931,638680,.782,.466,.365
D33_8,637594,482758,267730,.757,.554,.419
D33_9,913043,705834,366647,.773,.519,.401
D34_1,1513850,1211810,583905,.800,.481,.385
D34_10,1386845,1091887,558021,.787,.511,.402
D34_11,1309556,1049377,512806,.801,.488,.391
D34_2,1392789,1097205,535051,.787,.487,.384
D34_3,1808306,1421546,673462,.786,.473,.372
D34_4,4297584,3387871,1384010,.788,.408,.322
D34_5,406692,312988,184717,.769,.590,.454
D34_6,2335025,1827700,817471,.782,.447,.350
D34_7,579301,440291,250415,.760,.568,.432
D34_8,1077882,823908,436385,.764,.529,.404
D34_9,1174351,924732,452886,.787,.489,.385
D35_1,731097,555357,306329,.759,.551,.418
D35_10,1578551,1242038,592075,.786,.476,.375
D35_11,1557620,1221192,580754,.784,.475,.372
D35_12,889062,674847,368750,.759,.546,.414
D35_13,1238562,946342,492422,.764,.520,.397
D35_14,1362865,1073993,521686,.788,.485,.382
D35_15,819894,623386,342639,.760,.549,.417
D35_16,947325,720389,386366,.760,.536,.407
D35_17,498942,380146,220774,.761,.580,.442
D35_18,583049,441196,248470,.756,.563,.426
D35_19,523396,400775,232494,.765,.580,.444
D35_2,1349823,1065769,521313,.789,.489,.386
D35_20,358888,273346,160925,.761,.588,.448
D35_21,807360,621206,342416,.769,.551,.424
D35_22,1663134,1313338,620444,.789,.472,.373
D35_23,941008,720375,379282,.765,.526,.403
D35_24,760120,585517,318912,.770,.544,.419
D35_25,881305,682047,360809,.773,.529,.409
D35_3,835387,627525,344640,.751,.549,.412
D35_4,1029808,779147,414246,.756,.531,.402
D35_5,912090,702841,373815,.770,.531,.409
D35_6,501893,382832,222322,.762,.580,.442
D35_7,1497249,1186603,570026,.792,.480,.380
D35_8,2832439,2213315,995829,.781,.449,.351
D35_9,1526042,1198938,571523,.785,.476,.374
D36_1,845908,679025,344813,.802,.507,.407
D36_10,500972,382729,220039,.763,.574,.439
D36_11,939216,713686,361505,.759,.506,.384
D36_12,1767277,1346331,667040,.761,.495,.377
D36_13,733360,558530,308838,.761,.552,.421
D36_14,721017,550861,308844,.764,.560,.428
D36_15,642882,486337,271716,.756,.558,.422
D36_16,867179,664151,355850,.765,.535,.410
D36_17,1123764,858485,452110,.763,.526,.402
D36_18,1421469,1082553,531016,.761,.490,.373
D36_19,1104981,844242,442789,.764,.524,.400
D36_2,659666,501219,280883,.759,.560,.425
D36_20,4256051,3271029,1350846,.768,.412,.317
D36_21,1746539,1330976,630066,.762,.473,.360
D36_22,640103,493854,280013,.771,.566,.437
D36_23,774232,592218,321132,.764,.542,.414
D36_24,695284,531799,296056,.764,.556,.425
D36_25,800859,611024,333131,.762,.545,.415
D36_3,598308,458339,259409,.766,.565,.433
D36_4,956834,756761,390769,.790,.516,.408
D36_5,524669,404790,234070,.771,.578,.446
D36_6,677278,512483,288502,.756,.562,.425
D36_7,849147,642694,349688,.756,.544,.411
D36_8,8901,6929,5995,.778,.865,.673
D36_9,971973,741309,398840,.762,.538,.410
D37_1,1291624,980901,501101,.759,.510,.387
D37_10,1547636,1191979,591232,.770,.496,.382
D37_11,1357880,1034905,532097,.762,.514,.391
D37_12,711799,561101,314957,.788,.561,.442
D37_13,9529310,7222487,2591684,.757,.358,.271
D37_14,2294749,1740914,802447,.758,.460,.349
D37_15,1446699,1096014,537862,.757,.490,.371
D37_16,1157974,851306,468999,.735,.550,.405
D37_17,216925,159320,100071,.734,.628,.461
D37_18,2623850,1998333,909203,.761,.454,.346
D37_19,1793539,1357154,646217,.756,.476,.360
D37_2,1469394,1113322,541979,.757,.486,.368
D37_20,1247489,923767,494561,.740,.535,.396
D37_21,1859164,1418659,669561,.763,.471,.360
D37_22,1573594,1163484,611547,.739,.525,.388
D37_23,1245009,951971,472425,.764,.496,.379
D37_24,1552122,1192927,578080,.768,.484,.372
D37_25,1502667,1113170,596386,.740,.535,.396
D37_3,392675,309552,185342,.788,.598,.471
D37_4,1028126,786542,400315,.765,.508,.389
D37_5,1154537,892449,462404,.772,.518,.400
D37_6,7222,5584,4873,.773,.872,.674
D37_7,1201382,915148,471310,.761,.515,.392
D37_8,2740547,2090783,937748,.762,.448,.342
D37_9,613971,466312,263549,.759,.565,.429
D38_1,842167,620668,346460,.736,.558,.411
D38_10,1498308,1127367,598505,.752,.530,.399
D38_11,2978232,2257805,1004305,.758,.444,.337
D38_12,1441377,1098013,540598,.761,.492,.375
D38_13,1548923,1173623,572875,.757,.488,.369
D38_14,2259487,1666255,832606,.737,.499,.368
D38_15,1760723,1306281,677754,.741,.518,.384
D38_16,2542001,1867488,915985,.734,.490,.360
D38_17,996219,737493,412420,.740,.559,.413
D38_18,928339,688578,379395,.741,.550,.408
D38_19,278606,207752,130491,.745,.628,.468
D38_2,1331201,996909,524294,.748,.525,.393
D38_20,1432485,1067795,563199,.745,.527,.393
D38_21,1935614,1479653,694127,.764,.469,.358
D38_22,1208882,897671,486670,.742,.542,.402
D38_23,1645830,1221098,634722,.741,.519,.385
D38_24,1999135,1476290,761155,.738,.515,.380
D38_25,2036872,1505663,758462,.739,.503,.372
D38_3,1783619,1322117,674157,.741,.509,.377
D38_4,1205779,928004,453867,.769,.489,.376
D38_5,2122233,1611923,754746,.759,.468,.355
D38_6,802581,590638,334552,.735,.566,.416
D38_7,1961079,1449193,745210,.738,.514,.379
D38_8,2142053,1591259,781904,.742,.491,.365
D38_9,2569605,1952282,887850,.759,.454,.345
D39_1,1924382,1460386,685847,.758,.469,.356
D39_10,1100585,815009,454577,.740,.557,.413
D39_2,985425,729862,409837,.740,.561,.415
D39_3,726027,541477,315958,.745,.583,.435
D39_4,2096796,1552003,782980,.740,.504,.373
D39_5,2369164,1751081,863567,.739,.493,.364
D39_6,1214202,929023,465835,.765,.501,.383
D39_7,2165708,1640147,758307,.757,.462,.350
D39_8,2163623,1646991,771764,.761,.468,.356
D39_9,2649330,1973992,976936,.745,.494,.368
HR1_1,2161248,1650561,774104,.763,.468,.358
HR1_2,2157188,1633974,775575,.757,.474,.359
HR1_3,1116791,849912,434542,.761,.511,.389
HR1_4,393163,297516,170703,.756,.573,.434
HR1_5,2650206,1970897,967516,.743,.490,.365
HR1_6,1007319,771492,396404,.765,.513,.393
HR2_1,554316,430919,232863,.777,.540,.420
HR2_2,1025749,798737,406533,.778,.508,.396
HR2_3,1517104,1126911,592297,.742,.525,.390
HR2_4,2414497,1831370,850821,.758,.464,.352
HR2_5,1705114,1299387,626696,.762,.482,.367
HR2_6,2052649,1520022,760921,.740,.500,.370
HR2_7,1498467,1141236,568130,.761,.497,.379
HR4_1,929964,691876,388939,.743,.562,.418
HR4_2,1341114,998657,536800,.744,.537,.400
HR4_3,2435299,1838577,843949,.754,.459,.346
HR4_4,1697498,1282206,620736,.755,.484,.365
HR4_5,1296938,988795,495396,.762,.501,.381
HR4_6,823883,651360,340717,.790,.523,.413
HR4_7,1520026,1163773,568743,.765,.488,.374
HR4_8,1080014,843174,427367,.780,.506,.395
HR5_1,1062478,791552,436787,.745,.551,.411
HR5_2,3608671,2668432,1243689,.739,.466,.344
HR5_3,1966971,1511606,713931,.768,.472,.362
HR5_4,800864,591907,329547,.739,.556,.411
HR7_1,1125786,831021,454589,.738,.547,.403
HR7_2,1381208,1053244,515715,.762,.489,.373
HR7_3,1149236,847946,467757,.737,.551,.407
HR7_4,1467748,1114628,549427,.759,.492,.374
HR7_5,730834,566266,303129,.774,.535,.414
HR8_1,1705531,1307539,630744,.766,.482,.369
HR8_2,1466626,1124928,555938,.767,.494,.379
HR8_3,1713564,1318531,633412,.769,.480,.369
JR1_1,3369409,2606583,1136842,.773,.436,.337
JR1_2,1442810,1065905,567212,.738,.532,.393
JR1_3,1359413,1035051,514770,.761,.497,.378
JR3_1,1425594,1055669,569884,.740,.539,.399
JR3_10,7253,5576,5170,.768,.927,.712
JR3_11,1567601,1198070,581623,.764,.485,.371
JR3_12,3064529,2340938,1030058,.763,.440,.336
JR3_13,870721,647254,372403,.743,.575,.427
JR3_14,4131325,3106049,845469,.751,.272,.204
JR3_15,1525583,1163712,571507,.762,.491,.374
JR3_16,50539,38477,19730,.761,.512,.390
JR3_17,2051418,1560043,739682,.760,.474,.360
JR3_18,1671008,1257885,381299,.752,.303,.228
JR3_19,2889805,2199304,984039,.761,.447,.340
JR3_2,2199441,1672566,778118,.760,.465,.353
JR3_20,2188738,1670145,778490,.763,.466,.355
JR3_21,1952259,1498320,711528,.767,.474,.364
JR3_22,1814132,1385245,665430,.763,.480,.366
JR3_23,1527863,1168029,574188,.764,.491,.375
JR3_24,1490240,1132831,559499,.760,.493,.375
JR3_25,1838724,1396546,670795,.759,.480,.364
JR3_3,1389700,1064195,525358,.765,.493,.378
JR3_4,3568110,2651610,1221206,.743,.460,.342
JR3_5,1354234,1007617,544605,.744,.540,.402
JR3_6,3537806,2695515,1164723,.761,.432,.329
JR3_7,2447653,1861973,861412,.760,.462,.351
JR3_8,1217794,922520,465307,.757,.504,.382
JR3_9,9801,8769,3552,.894,.405,.362
JR4_1,10333509,7771945,1864727,.752,.239,.180
JR4_10,1724767,1312974,630340,.761,.480,.365
JR4_11,2552640,1944463,887297,.761,.456,.347
JR4_12,5607335,4250429,1705599,.758,.401,.304
JR4_13,73602,55709,25398,.756,.455,.345
JR4_14,3350579,2665333,1249524,.795,.468,.372
JR4_15,414298,324671,198709,.783,.612,.479
JR4_16,3985303,3141265,1433536,.788,.456,.359
JR4_17,4564138,3610844,1602738,.791,.443,.351
JR4_18,1637301,1251382,602391,.764,.481,.367
JR4_19,3728992,2825283,1208677,.757,.427,.324
JR4_2,1518694,1140320,351891,.750,.308,.231
JR4_20,4510933,3556201,1595142,.788,.448,.353
JR4_21,3231096,2545630,1210327,.787,.475,.374
JR4_22,961154,753532,427971,.783,.567,.445
JR4_23,1920452,1456163,686331,.758,.471,.357
JR4_24,2989769,2271218,1011245,.759,.445,.338
JR4_25,1240889,981097,534120,.790,.544,.430
JR4_3,2746121,2083887,940296,.758,.451,.342
JR4_4,2041334,1534901,462266,.751,.301,.226
JR4_5,190467,143769,56754,.754,.394,.297
JR4_6,115363,87422,37749,.757,.431,.327
JR4_7,239557,181309,69248,.756,.381,.289
JR4_8,1687223,1281411,620475,.759,.484,.367
JR4_9,1999454,1496168,442978,.748,.296,.221
JR5_1,2353515,1789840,823145,.760,.459,.349
JR5_10,2064154,1573285,799580,.762,.508,.387
JR5_11,3822702,2903282,1239089,.759,.426,.324
JR5_12,3414666,2565752,1239533,.751,.483,.363
JR5_13,3690342,2799729,1317687,.758,.470,.357
JR5_14,2160387,1674120,851594,.774,.508,.394
JR5_15,1244161,946929,523125,.761,.552,.420
JR5_16,3700869,2790207,1321800,.753,.473,.357
JR5_17,1038707,797085,444890,.767,.558,.428
JR5_18,4789322,3644065,1492217,.760,.409,.311
JR5_19,43502,33756,24633,.775,.729,.566
JR5_2,5101320,3882112,1580996,.761,.407,.309
JR5_20,977492,750503,387967,.767,.516,.396
JR5_21,2577899,1949179,970756,.756,.498,.376
JR5_22,1692185,1278702,625256,.755,.488,.369
JR5_23,3001747,2273696,1015973,.757,.446,.338
JR5_24,3204131,2444804,1174494,.763,.480,.366
JR5_25,2485427,1891488,864047,.761,.456,.347
JR5_3,2928050,2240973,1000187,.765,.446,.341
JR5_4,1600330,1272380,666795,.795,.524,.416
JR5_5,3844441,2916787,1358551,.758,.465,.353
JR5_6,20144,15200,11732,.754,.771,.582
JR5_7,4066274,3142300,1429819,.772,.455,.351
JR5_8,2616179,2002326,902408,.765,.450,.344
JR5_9,2723145,2078872,934654,.763,.449,.343
NSR_01,1604321,1193252,609675,.743,.510,.380
NSR_02,2109091,1566129,751697,.742,.479,.356
NSR_03,12281,9504,7751,.773,.815,.631
NSR_04,5398144,4090717,1637499,.757,.400,.303
NSR_05,393195,299953,167879,.762,.559,.426
NSR_06,1252606,966262,479577,.771,.496,.382
NSR_07,1268318,959790,479516,.756,.499,.378
NSR_08,992275,680140,378775,.685,.556,.381
NSR_09,178304,135162,85557,.758,.632,.479
NSR_10,901080,683461,356249,.758,.521,.395
NSR_11,518371,391108,218240,.754,.558,.421
NSR_12,996414,756113,392460,.758,.519,.393
NSR_13,75683,58585,37048,.774,.632,.489
NSR_14,289187,221008,130835,.764,.591,.452
NSR_15,2144661,1631608,763865,.760,.468,.356
RD_BTOC_001,1341856,1079379,687851,.804,.637,.512
RD_BTOC_002,2463022,1982106,1155219,.804,.582,.469
RD_BTOC_003,1247806,1002328,639689,.803,.638,.512
RD_BTOC_004,1100076,887419,579154,.806,.652,.526
RD_BTOC_005,141875,115306,89143,.812,.773,.628
RD_BTOC_006,356977,292043,210344,.818,.720,.589
RD_BTOC_007,1345742,1082747,689709,.804,.636,.512
RD_BTOC_008,1554369,1252586,777538,.805,.620,.500
RD_BTOC_009,1243567,1004372,643232,.807,.640,.517
RD_BTOC_010,1579878,1272038,788777,.805,.620,.499
RD_BTOC_011,1284476,1030391,658741,.802,.639,.512
RD_BTOC_012,1390916,1122675,679405,.807,.605,.488
RD_BTOC_013,2911308,2357342,1273549,.809,.540,.437
RD_BTOC_014,1670869,1352231,786529,.809,.581,.470
RD_BTOC_015,1437774,1161624,690734,.807,.594,.480
RD_BTOC_016,173940,143437,103410,.824,.720,.594
RD_BTOC_017,516589,426082,279300,.824,.655,.540
RD_BTOC_018,1404055,1140382,687723,.812,.603,.489
RD_BTOC_019,2331830,1888280,1048451,.809,.555,.449
RD_BTOC_020,1841958,1493592,856339,.810,.573,.464
RD_BTOC_021,1980924,1602422,915052,.808,.571,.461
RD_BTOC_022,1692454,1366857,801003,.807,.586,.473
RD_BTOC_023,1251582,1014335,642676,.810,.633,.513
RD_BTOC_024,2147214,1750392,1025559,.815,.585,.477
RD_BTOC_025,1284687,1043857,651981,.812,.624,.507
RD_BTQP_001,1326845,1080095,675340,.814,.625,.508
RD_BTQP_002,114295,94340,72300,.825,.766,.632
RD_BTQP_003,413729,343338,238122,.829,.693,.575
RD_BTQP_004,1454029,1182069,724423,.812,.612,.498
RD_BTQP_005,1724848,1403712,842291,.813,.600,.488
RD_BTQP_006,1395984,1137424,705475,.814,.620,.505
RD_BTQP_007,1667302,1354240,821522,.812,.606,.492
RD_BTQP_008,1425851,1157460,717807,.811,.620,.503
RD_BTQP_009,1766033,1421921,860756,.805,.605,.487
RD_BTQP_010,1607891,1294346,793779,.804,.613,.493
RD_BTQP_011,2274480,1831780,1061557,.805,.579,.466
RD_BTQP_012,1322005,1064756,661310,.805,.621,.500
RD_BTQP_013,1432974,1154106,712451,.805,.617,.497
RD_BTQP_014,207481,169121,122954,.815,.727,.592
RD_BTQP_015,519400,423752,287928,.815,.679,.554
RD_BTQP_016,1459871,1174030,726088,.804,.618,.497
RD_BTQP_017,1937015,1553572,920619,.802,.592,.475
RD_BTQP_018,1459225,1177214,727719,.806,.618,.498
RD_BTQP_019,1871885,1503394,899274,.803,.598,.480
RD_BTQP_020,1548431,1244751,760854,.803,.611,.491
RD_GSJS_001,1081551,870531,572139,.804,.657,.528
RD_GSJS_002,1264415,1017740,651507,.804,.640,.515
RD_GSJS_003,1734766,1395511,864238,.804,.619,.498
RD_GSJS_004,1008522,811314,537912,.804,.663,.533
RD_GSJS_005,879521,710494,479648,.807,.675,.545
RD_GSJS_006,355629,291536,211031,.819,.723,.593
RD_GSJS_007,1213042,984932,631778,.811,.641,.520
RD_GSJS_008,1425982,1150655,725137,.806,.630,.508
RD_GSJS_009,1358313,1073151,681949,.790,.635,.502
RD_GSJS_010,984114,793847,532140,.806,.670,.540
RD_GSJS_011,1437190,1159617,735374,.806,.634,.511
RD_GSJS_012,1070273,860873,570215,.804,.662,.532
RD_GSJS_013,1233849,994924,647220,.806,.650,.524
RD_GSJS_014,1504955,1213020,764691,.806,.630,.508
RD_GSJS_015,591266,481170,334920,.813,.696,.566
RD_GSJS_016,1456252,1172026,733785,.804,.626,.503
RD_GSJS_017,1323087,1067374,679615,.806,.636,.513
RD_GSJS_018,1208350,976877,598712,.808,.612,.495
RD_GSJS_019,893397,730776,455176,.817,.622,.509
RD_GSJS_020,715404,589893,377021,.824,.639,.527
RD_GSJS_021,1167391,954892,578253,.817,.605,.495
RD_GSJS_022,1716680,1384060,808847,.806,.584,.471
RD_GSJS_023,2180209,1766320,996216,.810,.564,.456
RD_GSJS_024,2115218,1712683,969187,.809,.565,.458
RD_GSJS_025,1544905,1251237,738670,.809,.590,.478
RD_GSJS_026,1113142,903646,557374,.811,.616,.500
RD_GSJS_027,722019,594271,381201,.823,.641,.527
RD_GSJS_028,1293116,1058399,636001,.818,.600,.491
RD_GSJS_029,1749917,1421103,833523,.812,.586,.476
RD_GSJS_030,1874912,1514541,865435,.807,.571,.461
RD_GSJS_031,2335242,1890456,1055804,.809,.558,.452
RD_GSJS_032,1678245,1358929,798949,.809,.587,.476
RD_GSJS_033,1679532,1356403,784289,.807,.578,.466
RD_GSJS_034,631177,512152,337385,.811,.658,.534
RD_GSJS_035,388197,320095,217890,.824,.680,.561
RD_GSJS_036,1415910,1153419,673873,.814,.584,.475
RD_GSJS_037,1421305,1151989,686947,.810,.596,.483
RD_GSJS_038,1442076,1165162,700074,.807,.600,.485
RD_GSJS_039,1980648,1601772,919085,.808,.573,.464
RD_GSJS_040,1864445,1506024,862534,.807,.572,.462
RD_GSJS_041,1273429,1030644,626117,.809,.607,.491
RD_GSJS_042,1925459,1562399,898763,.811,.575,.466
RD_GSJS_043,366386,301708,205253,.823,.680,.560
RD_GSJS_044,1513445,1231605,728950,.813,.591,.481
RD_GSJS_045,1307779,1059856,642656,.810,.606,.491
RD_GSJS_046,1512625,1223521,732261,.808,.598,.484
RD_GSJS_047,1047763,848506,531452,.809,.626,.507
RD_GSJS_048,1420667,1148780,694656,.808,.604,.488
RD_GSJS_049,922892,747899,472888,.810,.632,.512
RD_GSJS_050,1413850,1142902,685858,.808,.600,.485
RD_GSJS_051,1644135,1331862,777926,.810,.584,.473
RD_GSJS_052,551260,453074,300444,.821,.663,.545
RD_GSJS_053,1179115,956326,584579,.811,.611,.495
RD_GSJS_054,1645849,1335611,782142,.811,.585,.475
RD_GSJS_055,1238854,1011173,641947,.816,.634,.518
RD_GSJS_056,829639,682858,445515,.823,.652,.536
RD_GSJS_057,632871,522514,352809,.825,.675,.557
RD_GSJS_058,1165827,961225,602856,.824,.627,.517
RD_GSJS_059,1444680,1173474,729275,.812,.621,.504
RD_GSJS_060,1750587,1422843,861630,.812,.605,.492
RD_GSJS_061,1404282,1137311,713353,.809,.627,.507
RD_GSJS_062,1123549,914140,588808,.813,.644,.524
RD_GSJS_063,1023221,834708,542059,.815,.649,.529
RD_GSJS_064,635971,525306,356423,.825,.678,.560
RD_GSJS_065,994798,817657,530993,.821,.649,.533
RD_GSJS_066,1637373,1333949,814618,.814,.610,.497
RD_GSJS_067,1548798,1260855,779319,.814,.618,.503
RD_GSJS_068,1918830,1564285,936032,.815,.598,.487
RD_GSJS_069,1496738,1214647,757241,.811,.623,.505
RD_GSJS_070,1375005,1118665,697567,.813,.623,.507
RD_GSJS_071,587203,477373,330776,.812,.692,.563
RD_GSJS_072,385900,318409,226264,.825,.710,.586
RD_GSJS_073,1128526,921340,581090,.816,.630,.514
RD_GSJS_074,1291604,1048736,660489,.811,.629,.511
RD_GSJS_075,1315019,1070786,678066,.814,.633,.515
RD_GSJS_076,1691617,1376333,831814,.813,.604,.491
RD_GSJS_077,1757994,1429594,864210,.813,.604,.491
RD_GSJS_078,1062028,862773,557678,.812,.646,.525
RD_GSJS_079,1817947,1487095,899960,.818,.605,.495
RD_GSJS_080,345056,285995,202602,.828,.708,.587
RD_GSJS_081,1333846,1091849,676868,.818,.619,.507
RD_GSJS_082,1500063,1218961,747408,.812,.613,.498
RD_GSJS_083,1424573,1158428,728809,.813,.629,.511
RD_GSJS_084,1130955,920316,593838,.813,.645,.525
RD_GSJS_085,1706184,1392036,845309,.815,.607,.495
RD_GSJS_086,946726,768793,505428,.812,.657,.533
RD_GSJS_087,1324785,1076558,674210,.812,.626,.508
RD_GSJS_088,1589855,1294911,793121,.814,.612,.498
RD_GSJS_089,666945,550080,369652,.824,.671,.554
RD_GSJS_090,1380880,1123043,699128,.813,.622,.506
RD_GSJS_091,1473932,1202039,741576,.815,.616,.503
RD_GSJS_092,1208636,973063,618664,.805,.635,.511
RD_GSJS_093,1004857,807025,520571,.803,.645,.518
RD_GSJS_094,753496,616806,408069,.818,.661,.541
RD_GSJS_095,1404727,1140756,703714,.812,.616,.500
RD_GSJS_096,1680746,1353572,824237,.805,.608,.490
RD_GSJS_097,2082945,1675336,993155,.804,.592,.476
RD_GSJS_098,1675557,1348367,823333,.804,.610,.491
RD_GSJS_099,1241505,1001759,637463,.806,.636,.513
RD_GSJS_100,1228429,993354,632140,.808,.636,.514
RD_GSJS_101,743649,606103,403901,.815,.666,.543
RD_GSJS_102,1161713,942345,595925,.811,.632,.512
RD_GSJS_103,1553886,1252858,776267,.806,.619,.499
RD_GSJS_104,1574614,1269042,783450,.805,.617,.497
RD_GSJS_105,1990999,1607753,959328,.807,.596,.481
RD_GSJS_106,1594187,1287467,794072,.807,.616,.498
RD_GSJS_107,1365642,1095555,687621,.802,.627,.503
RD_GSJS_108,617155,497120,342169,.805,.688,.554
RD_GSJS_109,548868,450116,305976,.820,.679,.557
RD_GSJS_110,1070565,864113,551441,.807,.638,.515
RD_GSJS_111,1295317,1045363,656088,.807,.627,.506
RD_GSJS_112,1446960,1166457,729017,.806,.624,.503
RD_GSJS_113,1878800,1517523,910065,.807,.599,.484
RD_GSJS_114,1911536,1542437,924995,.806,.599,.483
RD_GSJS_115,1218894,985016,628274,.808,.637,.515
RD_GSJS_116,1920471,1552393,932269,.808,.600,.485
RD_GSJS_117,476048,386823,267697,.812,.692,.562
RD_GSJS_118,1465575,1186668,734393,.809,.618,.501
RD_GSJS_119,1444556,1165171,729905,.806,.626,.505
RD_GSJS_120,1451748,1171694,732680,.807,.625,.504
RD_GSJS_121,1264703,1020998,648480,.807,.635,.512
RD_GSJS_122,1615829,1304006,803262,.807,.615,.497
RD_GSJS_123,1213184,977895,627362,.806,.641,.517
RD_GSJS_124,1294344,1041328,656556,.804,.630,.507
RD_GSJS_125,1686444,1358646,827563,.805,.609,.490
RD_GSJS_126,697425,567276,381157,.813,.671,.546
RD_GSJS_127,1378191,1109845,688338,.805,.620,.499
RD_GSJS_128,1585319,1279730,788109,.807,.615,.497
RD_GSTS_001,899403,724500,484390,.805,.668,.538
RD_GSTS_002,617190,502995,345291,.814,.686,.559
RD_GSTS_003,646023,531035,362262,.822,.682,.560
RD_GSTS_004,1713205,1381602,846499,.806,.612,.494
RD_GSTS_005,1002506,819621,529642,.817,.646,.528
RD_GSTS_006,1769034,1424210,871539,.805,.611,.492
RD_GSTS_007,1793805,1445708,881972,.805,.610,.491
RD_GSTS_008,1316389,1058333,675425,.803,.638,.513
RD_GSTS_009,1039600,840318,552444,.808,.657,.531
RD_GSTS_010,554137,454325,316503,.819,.696,.571
RD_GSTS_011,1048739,856654,554529,.816,.647,.528
RD_GSTS_012,1400755,1125847,712136,.803,.632,.508
RD_GSTS_013,1376323,1108705,705785,.805,.636,.512
RD_GSTS_014,1674288,1348113,829995,.805,.615,.495
RD_GSTS_015,1739611,1404254,860885,.807,.613,.494
RD_GSTS_016,1481799,1193279,744040,.805,.623,.502
RD_GSTS_017,675712,544115,376400,.805,.691,.557
RD_GSTS_018,390053,318704,228743,.817,.717,.586
RD_GSTS_019,1171159,950766,603760,.811,.635,.515
RD_GSTS_020,1331591,1071452,673614,.804,.628,.505
RD_RBFL_001,1779779,1404220,859716,.788,.612,.483
RD_RBFL_002,1548750,1221062,757241,.788,.620,.488
RD_RBFL_003,1983090,1577867,949194,.795,.601,.478
RD_RBFL_004,2233681,1767684,1047659,.791,.592,.469
RD_RBFL_005,2058877,1650266,981954,.801,.595,.476
RD_RBFL_006,1707333,1359485,837303,.796,.615,.490
RD_RBFL_007,879626,710719,466463,.807,.656,.530
RD_RBFL_008,1076523,857364,554474,.796,.646,.515
RD_RBFL_009,2501103,1996017,1154228,.798,.578,.461
RD_RBFL_010,1842984,1459432,901856,.791,.617,.489
RD_RBFL_011,1390739,1094595,692328,.787,.632,.497
RD_RBFL_012,2083948,1663297,993467,.798,.597,.476
RD_RBFL_013,2028417,1617016,969279,.797,.599,.477
RD_RBFL_014,1925203,1543843,934691,.801,.605,.485
RD_RBFL_015,450338,363456,256069,.807,.704,.568
RD_RBFL_016,856670,693819,462607,.809,.666,.540
RD_RBFL_017,1282856,1020465,646015,.795,.633,.503
RD_RBFL_018,1910469,1499455,913002,.784,.608,.477
RD_RBFL_019,1820417,1450863,883335,.796,.608,.485
RD_RBFL_020,1731264,1377956,846961,.795,.614,.489
RD_RBFR_001,1647399,1321948,816660,.802,.617,.495
RD_RBFR_002,1006969,800641,526636,.795,.657,.522
RD_RBFR_003,1035066,828878,539909,.800,.651,.521
RD_RBFR_004,412479,331484,235328,.803,.709,.570
RD_RBFR_005,680138,548444,373164,.806,.680,.548
RD_RBFR_006,573245,466301,323543,.813,.693,.564
RD_RBFR_007,186054,145639,112393,.782,.771,.604
RD_RBFR_008,1390651,1116335,697291,.802,.624,.501
RD_RBFR_009,167319,130979,102531,.782,.782,.612
RD_RBFR_010,973489,777155,510598,.798,.657,.524
RD_RBFR_011,727449,585677,374913,.805,.640,.515
RD_RBFR_012,1597654,1272310,751872,.796,.590,.470
RD_RBFR_013,637837,511384,332174,.801,.649,.520
RD_RBFR_014,579488,470818,304339,.812,.646,.525
RD_RBFR_015,190851,150058,109820,.786,.731,.575
RD_RBFR_016,207189,168195,121078,.811,.719,.584
RD_RBFR_017,737335,580587,372544,.787,.641,.505
RD_RBFR_018,1172364,940907,576904,.802,.613,.492
RD_RBFR_019,295635,237221,168040,.802,.708,.568
RD_RBFR_020,1170173,945838,569405,.808,.602,.486
RD_RBRL_001,1722407,1398277,849084,.811,.607,.492
RD_RBRL_002,1451865,1149937,717746,.792,.624,.494
RD_RBRL_006,577577,477714,325698,.827,.681,.563
RD_RBRL_007,1795352,1458433,871712,.812,.597,.485
RD_RBRL_009,1359251,1103558,692161,.811,.627,.509
RD_RBRL_010,1647236,1341065,807811,.814,.602,.490
RD_RBRL_014,834895,673589,437320,.806,.649,.523
RD_RBRL_019,1405917,1132373,703601,.805,.621,.500
RD_RBRL_021,1500049,1157524,736227,.771,.636,.490
RD_RBRL_022,1288157,1004781,644664,.780,.641,.500
RD_RBRL_023,1437292,1133616,711227,.788,.627,.494
RD_RBRL_024,628080,492754,339516,.784,.689,.540
RD_RBRL_025,1726156,1344634,825700,.778,.614,.478
RD_RBRL_026,1343932,1007228,655208,.749,.650,.487
RD_RBRL_027,1571212,1193060,754475,.759,.632,.480
RD_RBRL_028,1591723,1222392,749482,.767,.613,.470
RD_RBRL_029,1488939,1177485,737980,.790,.626,.495
RD_RBRL_030,1336799,1039735,663361,.777,.638,.496
RD_RBRL_031,83833,66770,53691,.796,.804,.640
RD_RBRL_032,160118,117579,92715,.734,.788,.579
RD_SPKR_001,1301612,1059062,667209,.813,.629,.512
RD_SPKR_002,227330,187688,138407,.825,.737,.608
RD_SPKR_003,871013,717980,468258,.824,.652,.537
RD_SPKR_004,537517,442951,300107,.824,.677,.558
RD_SPKR_005,1078378,874554,559153,.810,.639,.518
RD_SPKR_006,1084764,881423,565132,.812,.641,.520
RD_SPKR_007,1461927,1188280,731385,.812,.615,.500
RD_SPKR_008,1526875,1239891,757802,.812,.611,.496
RD_SPKR_009,1106947,901342,579785,.814,.643,.523
RD_SPKR_010,999311,820645,522325,.821,.636,.522
RD_SPKR_011,1190458,956591,605386,.803,.632,.508
RD_SPKR_012,311612,255646,181946,.820,.711,.583
RD_SPKR_013,1143270,926092,587518,.810,.634,.513
RD_SPKR_014,780212,632429,413474,.810,.653,.529
RD_SPKR_015,1253179,1009527,638950,.805,.632,.509
RD_SPKR_016,1174019,944407,606239,.804,.641,.516
RD_SPKR_017,1527423,1230690,752324,.805,.611,.492
RD_SPKR_018,1795121,1442686,865971,.803,.600,.482
RD_SPKR_019,1318193,1062068,671070,.805,.631,.509
RD_SPKR_020,1346024,1088034,676188,.808,.621,.502
RD_SPSH_001,1334297,1073374,686245,.804,.639,.514
RD_SPSH_002,208394,171082,129911,.820,.759,.623
RD_SPSH_003,891885,719046,479918,.806,.667,.538
RD_SPSH_004,556705,455518,313402,.818,.688,.562
RD_SPSH_005,3611257,2903871,1572117,.804,.541,.435
RD_SPSH_006,1022930,822956,547186,.804,.664,.534
RD_SPSH_007,1370433,1105409,701713,.806,.634,.512
RD_SPSH_008,1508429,1214349,762702,.805,.628,.505
RD_SPSH_009,1005587,808016,537847,.803,.665,.534
RD_SPSH_010,921437,746848,492724,.810,.659,.534
RD_SPSH_011,1350633,1087570,659014,.805,.605,.487
RD_SPSH_012,199869,164129,117598,.821,.716,.588
RD_SPSH_013,1023312,839448,518499,.820,.617,.506
RD_SPSH_014,553774,453474,296655,.818,.654,.535
RD_SPSH_015,1602470,1296043,760195,.808,.586,.474
RD_SPSH_016,1390516,1124996,682192,.809,.606,.490
RD_SPSH_017,1734331,1402387,814975,.808,.581,.469
RD_SPSH_018,1848360,1485244,862171,.803,.580,.466
RD_SPSH_019,1406565,1141282,693117,.811,.607,.492
RD_SPSH_020,929714,757105,472395,.814,.623,.508
RD_STMR_001,1808815,1463878,851369,.809,.581,.470
RD_STMR_002,1500841,1219430,726921,.812,.596,.484
RD_STMR_003,1724432,1402125,838519,.813,.598,.486
RD_STMR_004,1477034,1201472,733273,.813,.610,.496
RD_STMR_005,1549109,1256939,766807,.811,.610,.494
RD_STMR_006,1921573,1564160,925494,.813,.591,.481
RD_STMR_007,1626992,1322395,796799,.812,.602,.489
RD_STMR_008,1191640,970059,614152,.814,.633,.515
RD_STMR_009,458579,376186,259758,.820,.690,.566
RD_STMR_010,781973,642305,422795,.821,.658,.540
RD_STMR_011,2180667,1771817,1022677,.812,.577,.468
RD_STMR_012,1494776,1214102,756515,.812,.623,.506
RD_STMR_013,1725410,1401729,854909,.812,.609,.495
RD_STMR_014,1465237,1189872,732195,.812,.615,.499
RD_STMR_015,1686685,1367667,829761,.810,.606,.491
RD_STMR_016,1334417,1078026,682146,.807,.632,.511
RD_STMR_017,331152,273491,194163,.825,.709,.586
RD_STMR_018,899015,744372,483088,.827,.648,.537
RD_STMR_019,1055897,863337,546647,.817,.633,.517
RD_STMR_020,1708328,1389640,839965,.813,.604,.491
RD_STMR_021,1339982,1088568,684752,.812,.629,.511
RD_STPR_001,1494783,1214248,751494,.812,.618,.502
RD_STPR_002,1137504,922903,585302,.811,.634,.514
RD_STPR_003,1221453,992556,630454,.812,.635,.516
RD_STPR_004,1150335,934216,591787,.812,.633,.514
RD_STPR_005,519823,428606,295966,.824,.690,.569
RD_STPR_006,1764396,1431128,853321,.811,.596,.483
RD_STPR_007,1657050,1344577,814015,.811,.605,.491
RD_STPR_008,1577277,1266160,772205,.802,.609,.489
RD_STPR_009,1347431,1081708,669854,.802,.619,.497
RD_STPR_010,1508133,1203701,741966,.798,.616,.491
RD_STPR_011,2045514,1642594,964949,.803,.587,.471
RD_STPR_012,1714651,1376260,828086,.802,.601,.482
RD_STPR_013,1415238,1139453,705627,.805,.619,.498
RD_STPR_014,775525,625625,411865,.806,.658,.531
RD_STPR_015,887033,717598,465327,.808,.648,.524
RD_STPR_016,1869891,1498067,887995,.801,.592,.474
RD_STPR_017,1216557,973303,620349,.800,.637,.509
RD_STPR_018,1208594,965532,611281,.798,.633,.505
RD_STPR_019,762442,612074,409692,.802,.669,.537
RD_STPR_020,1730145,1389077,841593,.802,.605,.486
RD_STPR_021,1493969,1204721,746541,.806,.619,.499
RD_STPR_022,523856,425381,289049,.812,.679,.551
RD_STPR_023,972962,794023,512222,.816,.645,.526
RD_STPR_024,1163794,937816,591009,.805,.630,.507
RD_STPR_025,1743993,1398672,847757,.801,.606,.486
RD_STPR_026,1433390,1151142,719634,.803,.625,.502
RD_STPR_027,1632028,1312179,804944,.804,.613,.493
RD_STPR_028,1651932,1326638,810357,.803,.610,.490
RD_STPR_029,1438649,1157938,719756,.804,.621,.500
RD_STPR_030,1537093,1232442,756111,.801,.613,.491
RD_STPR_031,770488,624393,414109,.810,.663,.537
RD_STPR_032,1729570,1390195,835171,.803,.600,.482
RD_STRT_001,1866233,1509601,872069,.808,.577,.467
RD_STRT_002,1835516,1484162,847540,.808,.571,.461
RD_STRT_003,1263274,1018768,620088,.806,.608,.490
RD_STRT_004,676417,555775,355708,.821,.640,.525
RD_STRT_005,955476,782973,483244,.819,.617,.505
RD_STRT_006,1767239,1429892,831093,.809,.581,.470
RD_STRT_007,1746001,1409526,828670,.807,.587,.474
RD_STRT_008,1519690,1229136,727165,.808,.591,.478
RD_STRT_009,1549196,1255766,737688,.810,.587,.476
RD_STRT_010,1542353,1246193,726879,.807,.583,.471
RD_STRT_011,991658,803396,499365,.810,.621,.503
RD_STRT_012,318890,263415,180835,.826,.686,.567
RD_STRT_013,968289,798603,496225,.824,.621,.512
RD_STRT_014,967942,790343,491190,.816,.621,.507
RD_STRT_015,2445001,1979566,1088421,.809,.549,.445
RD_STRT_016,1408304,1139780,681751,.809,.598,.484
RD_STRT_017,1965697,1594685,921504,.811,.577,.468
RD_STRT_018,1996742,1616582,926040,.809,.572,.463
RD_STRT_019,1559089,1265307,751809,.811,.594,.482
RD_STRT_020,1684427,1365664,793890,.810,.581,.471
RD_STRT_021,659977,542235,351160,.821,.647,.532
RD_STWA_001,960277,771890,514071,.803,.665,.535
RD_STWA_002,1321942,1065275,681085,.805,.639,.515
RD_STWA_003,1577468,1272953,800870,.806,.629,.507
RD_STWA_004,2122869,1710103,1010995,.805,.591,.476
RD_STWA_005,1762308,1421857,867669,.806,.610,.492
RD_STWA_006,659726,532670,367624,.807,.690,.557
RD_STWA_007,574358,467911,324796,.814,.694,.565
RD_STWA_008,779723,635604,428013,.815,.673,.548
RD_STWA_009,2034866,1638493,988268,.805,.603,.485
RD_STWA_010,1339197,1073904,698678,.801,.650,.521
RD_STWA_011,1207620,972073,632894,.804,.651,.524
RD_STWA_012,1466585,1181829,745833,.805,.631,.508
RD_STWA_013,1858032,1495984,916055,.805,.612,.493
RD_STWA_014,1088998,880027,574568,.808,.652,.527
RD_STWA_015,301873,248063,181751,.821,.732,.602
RD_STWA_016,753453,618277,419082,.820,.677,.556
RD_STWA_017,342631,261526,193530,.763,.740,.564
RD_STWA_018,1758172,1417199,877457,.806,.619,.499
RD_STWA_019,386267,311398,227227,.806,.729,.588
RD_STWA_020,1475456,1189215,754486,.805,.634,.511
RD_STWA_021,833272,668843,450808,.802,.674,.541
RD_STWA_022,1314371,1061094,684195,.807,.644,.520
RD_STWA_023,1204394,971690,625595,.806,.643,.519
RD_STWA_024,522116,425879,299279,.815,.702,.573
RD_STWA_025,1572080,1267547,785237,.806,.619,.499
RD_STWA_026,1583196,1275436,801536,.805,.628,.506
RD_STWA_027,1426615,1153127,679000,.808,.588,.475
RD_STWA_028,610893,492492,322703,.806,.655,.528
RD_STWA_029,1554026,1248928,739612,.803,.592,.475
SD_RBRL_003,1116695,910152,568408,.815,.624,.509
SD_RBRL_004,503885,413378,270951,.820,.655,.537
SD_RBRL_005,666659,547736,352458,.821,.643,.528
SD_RBRL_008,1384715,1128909,695594,.815,.616,.502
SD_RBRL_011,1846419,1494491,885545,.809,.592,.479
SD_RBRL_012,1753380,1413555,835099,.806,.590,.476
SD_RBRL_013,1286763,1037986,644676,.806,.621,.501
SD_RBRL_015,1009184,810192,503369,.802,.621,.498
SD_RBRL_016,785979,629204,407270,.800,.647,.518
SD_RBRL_017,1657720,1339509,790644,.808,.590,.476
SD_RBRL_018,1420326,1142617,700787,.804,.613,.493
SD_RBRL_020,1536173,1240434,739656,.807,.596,.481
SD_SDHR_001,724405,590637,399223,.815,.675,.551
SD_SDHR_002,937981,764460,499031,.815,.652,.532
SD_SDWR_001,547040,445618,305001,.814,.684,.557
SD_SDWR_002,599211,488242,331382,.814,.678,.553
SS03_1,1316133,1026561,502939,.779,.489,.382
SS03_10,1886375,1426603,695958,.756,.487,.368
SS03_11,1043904,816091,458888,.781,.562,.439
SS03_12,1110115,867378,490802,.781,.565,.442
SS03_13,5623480,4361225,1913296,.775,.438,.340
SS03_14,2159765,1670716,858277,.773,.513,.397
SS03_15,1655012,1255919,607786,.758,.483,.367
SS03_16,2109084,1603769,754350,.760,.470,.357
SS03_17,1138564,884577,493826,.776,.558,.433
SS03_18,1337079,1014666,503802,.758,.496,.376
SS03_19,941701,722782,382846,.767,.529,.406
SS03_2,2023943,1556503,786901,.769,.505,.388
SS03_20,3321333,2650184,1265543,.797,.477,.381
SS03_21,2570121,2040011,1018815,.793,.499,.396
SS03_22,2071793,1653815,850068,.798,.514,.410
SS03_23,672682,521819,277456,.775,.531,.412
SS03_24,2211613,1763583,900645,.797,.510,.407
SS03_25,1241968,959448,479111,.772,.499,.385
SS03_3,473807,367689,203110,.776,.552,.428
SS03_4,2193717,1679263,854760,.765,.509,.389
SS03_5,2148207,1648994,836926,.767,.507,.389
SS03_6,1356367,1052004,520756,.775,.495,.383
SS03_7,715525,558059,326519,.779,.585,.456
SS03_8,1755721,1342947,651182,.764,.484,.370
SS03_9,3133885,2408002,1058240,.768,.439,.337
SS05_1,1046941,813911,414759,.777,.509,.396
SS05_10,1851453,1376123,748833,.743,.544,.404
SS05_11,1169306,876143,499231,.749,.569,.426
SS05_12,532282,411438,224148,.772,.544,.421
SS05_13,1102222,824416,474792,.747,.575,.430
SS05_14,1938560,1462620,768568,.754,.525,.396
SS05_15,304752,233013,133788,.764,.574,.439
SS05_16,532493,400707,240380,.752,.599,.451
SS05_17,2106415,1579683,835590,.749,.528,.396
SS05_18,668230,500912,308312,.749,.615,.461
SS05_19,911172,691261,404094,.758,.584,.443
SS05_2,1650926,1250607,619472,.757,.495,.375
SS05_20,2321177,1753216,764825,.755,.436,.329
SS05_21,1519433,1146726,530711,.754,.462,.349
SS05_22,2059412,1569269,702911,.761,.447,.341
SS05_23,263421,207990,118995,.789,.572,.451
SS05_24,879151,674640,350514,.767,.519,.398
SS05_25,12537,9656,8599,.770,.890,.685
SS05_3,3875136,3083952,1440284,.795,.467,.371
SS05_4,1878278,1413202,744082,.752,.526,.396
SS05_5,2007388,1498425,790090,.746,.527,.393
SS05_6,1295060,982430,546614,.758,.556,.422
SS05_7,1633535,1249173,680178,.764,.544,.416
SS05_8,1791045,1345329,719730,.751,.534,.401
SS05_9,1440005,1088919,604915,.756,.555,.420
SS06_1,1259474,952583,451507,.756,.473,.358
SS06_2,1286592,969056,543326,.753,.560,.422
SS06_3,820782,617798,370039,.752,.598,.450
SS10_1,574697,441514,236429,.768,.535,.411
SS10_10,1576723,1188987,558250,.754,.469,.354
SS10_11,1025107,777318,449725,.758,.578,.438
SS10_12,1327079,1006984,555726,.758,.551,.418
SS10_13,6371930,4901942,1885211,.769,.384,.295
SS10_14,1257754,943505,471524,.750,.499,.374
SS10_15,977690,738507,428774,.755,.580,.438
SS10_16,846765,637288,376522,.752,.590,.444
SS10_17,1329057,1000882,474988,.753,.474,.357
SS10_18,1374069,1031029,577592,.750,.560,.420
SS10_19,989367,747382,434230,.755,.581,.438
SS10_2,566495,435433,236168,.768,.542,.416
SS10_20,1869427,1405319,644760,.751,.458,.344
SS10_21,1179507,885202,509176,.750,.575,.431
SS10_22,1255480,952798,451166,.758,.473,.359
SS10_23,1591745,1217896,560890,.765,.460,.352
SS10_24,932985,715919,351254,.767,.490,.376
SS10_25,969857,732695,425996,.755,.581,.439
SS10_3,14343,11057,8926,.770,.807,.622
SS10_4,331491,253056,144240,.763,.569,.435
SS10_5,1147224,868710,494916,.757,.569,.431
SS10_6,1152325,886662,423331,.769,.477,.367
SS10_7,2910777,2237604,995639,.768,.444,.342
SS10_8,707550,535717,325147,.757,.606,.459
SS10_9,1409421,1073160,509983,.761,.475,.361
SS11_1,52163,40369,26383,.773,.653,.505
SS11_10,3747248,2859447,1186765,.763,.415,.316
SS11_11,2790604,2119005,918434,.759,.433,.329
SS11_12,268751,206198,119092,.767,.577,.443
SS11_13,1055965,807124,389354,.764,.482,.368
SS11_14,921859,696374,405489,.755,.582,.439
SS11_15,659575,505994,269498,.767,.532,.408
SS11_16,1985578,1507346,683650,.759,.453,.344
SS11_17,851118,653925,337410,.768,.515,.396
SS11_18,1652962,1252313,588285,.757,.469,.355
SS11_19,1178042,894113,425746,.758,.476,.361
SS11_2,85515,65867,41433,.770,.629,.484
SS11_20,1590606,1202051,565624,.755,.470,.355
SS11_21,1249539,946341,451131,.757,.476,.361
SS11_22,1407539,1042385,585975,.740,.562,.416
SS11_23,919843,694954,402908,.755,.579,.438
SS11_24,2662163,2008162,886178,.754,.441,.332
SS11_25,1989747,1514374,678160,.761,.447,.340
SS11_3,206387,158953,94906,.770,.597,.459
SS11_4,1929389,1487071,670012,.770,.450,.347
SS11_5,2473398,1890921,832320,.764,.440,.336
SS11_6,973099,740797,365165,.761,.492,.375
SS11_7,1743444,1293194,616704,.741,.476,.353
SS11_8,922762,698317,406254,.756,.581,.440
SS11_9,1145343,879853,440824,.768,.501,.384
SS12_1,1558342,1186667,553657,.761,.466,.355
SS12_10,1512157,1135557,621310,.750,.547,.410
SS12_11,1210697,910843,517027,.752,.567,.427
SS12_12,1950099,1466781,781411,.752,.532,.400
SS12_13,1316080,998222,472436,.758,.473,.358
SS12_14,1165641,872637,467437,.748,.535,.401
SS12_15,3153230,2397181,1034614,.760,.431,.328
SS12_16,1805196,1347855,676181,.746,.501,.374
SS12_17,1445174,1098596,514708,.760,.468,.356
SS12_18,1999046,1505406,762446,.753,.506,.381
SS12_19,1763478,1329215,625622,.753,.470,.354
SS12_2,62082,48129,30215,.775,.627,.486
SS12_20,1667576,1253705,644324,.751,.513,.386
SS12_21,1434854,1091769,509624,.760,.466,.355
SS12_22,2211257,1686174,749423,.762,.444,.338
SS12_23,1185583,922399,441005,.778,.478,.371
SS12_24,2925773,2239752,957829,.765,.427,.327
SS12_25,1443591,1096445,509677,.759,.464,.353
SS12_3,253981,196969,114415,.775,.580,.450
SS12_4,925888,662777,360234,.715,.543,.389
SS12_5,1131110,847334,483970,.749,.571,.427
SS12_6,161571,124997,75138,.773,.601,.465
SS12_7,684922,526912,279314,.769,.530,.407
SS12_8,1511231,1167657,545186,.772,.466,.360
SS12_9,814899,614544,319777,.754,.520,.392
SS14_1,221430,170110,99606,.768,.585,.449
SS14_10,2182967,1663280,735597,.761,.442,.336
SS14_11,1146374,881250,444742,.768,.504,.387
SS14_12,1619882,1241389,571739,.766,.460,.352
SS14_13,1666919,1271444,586821,.762,.461,.352
SS14_14,1343821,1026082,484353,.763,.472,.360
SS14_15,1996649,1525740,689828,.764,.452,.345
SS14_16,521557,399732,218239,.766,.545,.418
SS14_17,1836687,1396402,633959,.760,.453,.345
SS14_18,325697,250765,143488,.769,.572,.440
SS14_19,2694429,2051725,891523,.761,.434,.330
SS14_2,740515,568852,299451,.768,.526,.404
SS14_20,459050,352983,195724,.768,.554,.426
SS14_21,1155950,879918,420236,.761,.477,.363
SS14_22,1224073,933527,445910,.762,.477,.364
SS14_23,1128087,868595,418615,.769,.481,.371
SS14_24,2031143,1547500,687082,.761,.443,.338
SS14_25,2042368,1562872,693622,.765,.443,.339
SS14_3,473201,365908,200690,.773,.548,.424
SS14_4,1667072,1266801,579349,.759,.457,.347
SS14_5,425688,326875,180951,.767,.553,.425
SS14_6,44469,34577,22352,.777,.646,.502
SS14_7,1856541,1411878,636959,.760,.451,.343
SS14_8,389480,301444,168148,.773,.557,.431
SS14_9,1737790,1317992,610603,.758,.463,.351
SS15_1,1430907,1089701,509871,.761,.467,.356
SS16_1,8771,6924,6016,.789,.868,.685
SS16_10,2347915,1766552,873270,.752,.494,.371
SS16_11,1811204,1373868,699873,.758,.509,.386
SS16_12,2022228,1523985,770283,.753,.505,.380
SS16_13,1654504,1252497,650545,.757,.519,.393
SS16_14,3427,2607,2467,.760,.946,.719
SS16_15,1523616,1149224,631365,.754,.549,.414
SS16_16,2927437,2243557,955430,.766,.425,.326
SS16_17,2152044,1611213,853801,.748,.529,.396
SS16_18,2012426,1544503,699424,.767,.452,.347
SS16_19,2373992,1742387,794244,.733,.455,.334
SS16_2,3583799,2684424,1263218,.749,.470,.352
SS16_20,2151807,1621496,862456,.753,.531,.400
SS16_3,1610195,1220379,566065,.757,.463,.351
SS16_4,1897942,1447659,654024,.762,.451,.344
SS16_5,1272792,950146,515199,.746,.542,.404
SS16_6,1230141,924870,499146,.751,.539,.405
SS16_7,3383137,2544296,1193570,.752,.469,.352
SS16_8,1353598,1029041,490108,.760,.476,.362
SS16_9,2472038,1859247,923004,.752,.496,.373
SS17W_1,1426835,1083226,509035,.759,.469,.356
SS17W_2,1038229,787622,385531,.758,.489,.371
SS19_1,1320240,1004347,559057,.760,.556,.423
SS19_10,602148,457368,262996,.759,.575,.436
SS19_11,748017,577741,316137,.772,.547,.422
SS19_12,470267,366661,210696,.779,.574,.448
SS19_13,1218770,927822,488111,.761,.526,.400
SS19_14,390634,301618,180799,.772,.599,.462
SS19_15,2982757,2274303,966197,.762,.424,.323
SS19_16,1496281,1149947,538077,.768,.467,.359
SS19_17,286802,219400,131852,.764,.600,.459
SS19_18,1026976,777845,385162,.757,.495,.375
SS19_19,2569540,1957537,852919,.761,.435,.331
SS19_2,4116,3138,3005,.762,.957,.730
SS19_20,2193852,1674382,746461,.763,.445,.340
SS19_21,3075428,2230817,1015329,.725,.455,.330
SS19_22,773893,587128,322596,.758,.549,.416
SS19_23,1666437,1269593,599046,.761,.471,.359
SS19_24,397274,300874,180156,.757,.598,.453
SS19_25,850841,648314,341638,.761,.526,.401
SS19_3,2717721,2059094,1047589,.757,.508,.385
SS19_4,56821,43023,30892,.757,.718,.543
SS19_5,1582641,1202590,557813,.759,.463,.352
SS19_6,829220,631814,347078,.761,.549,.418
SS19_7,2431116,1861557,814085,.765,.437,.334
SS19_8,1418539,1077750,516439,.759,.479,.364
SS19_9,1923241,1468241,665701,.763,.453,.346
SS20A_1,1991820,1529613,699551,.767,.457,.351
SS20A_10,829670,626305,322540,.754,.514,.388
SS20A_11,1162732,886299,427811,.762,.482,.367
SS20A_12,952486,723846,388154,.759,.536,.407
SS20A_13,601113,455693,257412,.758,.564,.428
SS20A_14,527971,396352,230729,.750,.582,.437
SS20A_15,272183,208599,129235,.766,.619,.474
SS20A_16,747791,579199,328478,.774,.567,.439
SS20A_17,889880,682853,369363,.767,.540,.415
SS20A_18,1354507,1036928,527389,.765,.508,.389
SS20A_19,2173235,1646568,728296,.757,.442,.335
SS20A_2,3697406,2831162,1166778,.765,.412,.315
SS20A_20,1577937,1206967,556407,.764,.460,.352
SS20A_21,770054,602427,302299,.782,.501,.392
SS20A_22,819503,621132,342725,.757,.551,.418
SS20A_23,1867234,1431062,658768,.766,.460,.352
SS20A_24,2217790,1706934,794977,.769,.465,.358
SS20A_25,540367,410927,236134,.760,.574,.436
SS20A_3,190014,147450,93659,.775,.635,.492
SS20A_4,1682755,1299758,594232,.772,.457,.353
SS20A_5,482448,366711,215362,.760,.587,.446
SS20A_6,672891,514534,286639,.764,.557,.425
SS20A_7,399932,313717,189253,.784,.603,.473
SS20A_8,484900,374764,222476,.772,.593,.458
SS20A_9,1282572,979445,464673,.763,.474,.362
SS20B_1,3295833,2522616,1072057,.765,.424,.325
SS20B_10,1308680,989127,510242,.755,.515,.389
SS20B_11,1554474,1184760,589694,.762,.497,.379
SS20B_12,191407,146686,93150,.766,.635,.486
SS20B_13,2214337,1640184,816241,.740,.497,.368
SS20B_14,822286,634218,331441,.771,.522,.403
SS20B_15,3142200,2358231,1016310,.750,.430,.323
SS20B_16,4251662,3259457,1327461,.766,.407,.312
SS20B_17,391445,300580,169305,.767,.563,.432
SS20B_18,3061029,2334002,1008690,.762,.432,.329
SS20B_19,1761615,1303274,668034,.739,.512,.379
SS20B_2,6736887,5141609,1907725,.763,.371,.283
SS20B_20,1652357,1282991,593174,.776,.462,.358
SS20B_21,3055975,2356163,1016026,.771,.431,.332
SS20B_22,4676,3672,3032,.785,.825,.648
SS20B_23,731622,558707,298029,.763,.533,.407
SS20B_24,1256109,955613,497915,.760,.521,.396
SS20B_25,1767741,1355462,660653,.766,.487,.373
SS20B_3,1194387,907474,474493,.759,.522,.397
SS20B_4,1196886,930566,497251,.777,.534,.415
SS20B_5,631361,486698,270307,.770,.555,.428
SS20B_6,1288075,986343,468612,.765,.475,.363
SS20B_7,7323744,5577361,2038309,.761,.365,.278
SS20B_8,1595314,1225002,608541,.767,.496,.381
SS20B_9,1075100,832855,442636,.774,.531,.411
SS21_1,719936,561083,296898,.779,.529,.412
SS21_10,1367458,1011144,546304,.739,.540,.399
SS21_11,1598738,1183600,612260,.740,.517,.382
SS21_12,1025537,787578,406296,.767,.515,.396
SS21_13,2300163,1703405,847600,.740,.497,.368
SS21_14,1157518,858512,468646,.741,.545,.404
SS21_15,1710902,1266984,655273,.740,.517,.382
SS21_16,1874028,1388136,708007,.740,.510,.377
SS21_17,4640,3621,3311,.780,.914,.713
SS21_18,1112091,855167,440886,.768,.515,.396
SS21_19,2819043,2149825,968216,.762,.450,.343
SS21_2,879717,673063,355655,.765,.528,.404
SS21_20,1968093,1451470,731515,.737,.503,.371
SS21_21,2630710,1945972,913612,.739,.469,.347
SS21_22,2362051,1809202,846752,.765,.468,.358
SS21_23,1651070,1257954,595833,.761,.473,.360
SS21_24,1978622,1470288,756540,.743,.514,.382
SS21_25,1291842,986808,497065,.763,.503,.384
SS21_26,2413330,1861578,855069,.771,.459,.354
SS21_3,582666,430405,252098,.738,.585,.432
SS21_4,2397282,1790618,875965,.746,.489,.365
SS21_5,2140860,1591176,802387,.743,.504,.374
SS21_6,2330012,1721817,860219,.738,.499,.369
SS21_7,1367078,1051247,522887,.768,.497,.382
SS21_8,1284522,944880,497654,.735,.526,.387
SS21_9,1397204,1045059,560284,.747,.536,.401
STR_01,2790921,2132641,965995,.764,.452,.346
STR_02,3757566,2854102,1224705,.759,.429,.325
STR_03,2447232,1859829,855421,.759,.459,.349
STR_04,6535,5096,4727,.779,.927,.723
STR_05,2301002,1744575,806585,.758,.462,.350
STR_06,2091691,1585336,740472,.757,.467,.354
STR_07,3698929,2809091,1213069,.759,.431,.327
STR_08,5772250,4364275,1736655,.756,.397,.300
STR_09,4596971,3505574,1460695,.762,.416,.317
STR_10,2782764,2130226,944297,.765,.443,.339
STR_11,4882941,3747283,1532486,.767,.408,.313
STR_12,2583697,1958728,896491,.758,.457,.346
STR_13,2029662,1535698,721384,.756,.469,.355
STR_14,1645306,1248380,602386,.758,.482,.366
STR_15,2985294,2260351,1008134,.757,.446,.337
TC_TCCD_001,1836157,1454734,892442,.792,.613,.486
TC_TCCD_002,1310203,1034854,668137,.789,.645,.509
TC_TCCD_003,317178,253911,183965,.800,.724,.580
TC_TCCD_004,785327,639159,426216,.813,.666,.542
